Firm Initiated,Iterations Until Recovery,Starting Price,Price Drop,Restoration Iteration,Simulation
0,5849,19,9,5851,1
0,2,19,1,5854,1
0,139,19,8,5994,1
0,1,17,1,5998,1
0,5,16,2,6006,1
0,45,16,5,6055,1
1,381,19,9,6437,1
0,5,18,2,6447,1
0,414,18,8,6863,1
1,1762,21,10,8626,1
1,165,20,8,8793,1
1,2,20,1,8798,1
0,2,18,1,8804,1
0,2,17,1,8808,1
0,1,16,1,8811,1
0,12,16,2,8824,1
0,106,19,5,8934,1
0,2,19,1,8937,1
1,6151,22,12,15090,1
1,221,21,6,15313,1
1,322,21,6,15636,1
0,2,18,1,15642,1
0,2,19,1,15647,1
0,2,18,1,15651,1
1,105,21,5,15759,1
1,47,21,4,15808,1
0,39,22,5,15848,1
1,2197,23,11,18046,1
0,7,20,2,18057,1
1,5,20,1,18063,1
0,1,21,1,18066,1
1,129,21,7,18196,1
1,1,19,1,18200,1
0,252,23,9,18454,1
1,1,22,1,18457,1
1,1,22,1,18460,1
1,326,23,10,18789,1
0,2,23,1,18792,1
1,8915,26,14,27709,1
1,21458,31,18,49169,1
0,1,30,1,49172,1
1,2683,30,19,51857,1
1,3522,32,18,55380,1
0,11,29,2,55396,1
1,116,30,8,55516,1
0,11,28,3,55530,1
1,10,26,3,55545,1
0,32,25,4,55582,1
0,3,24,1,55588,1
1,2,23,1,55594,1
0,61,25,5,55656,1
0,5,25,2,55667,1
0,94,30,7,55767,1
1,3,30,1,55771,1
1,1,28,1,55775,1
0,16,31,3,55792,1
0,1,29,1,55797,1
1,428,31,11,56228,1
1,1,30,1,56231,1
0,8,32,2,56241,1
1,1,31,1,56245,1
1,1,30,1,56248,1
0,11,28,4,56264,1
0,157,31,13,56422,1
0,1,31,1,56424,1
1,5,31,1,56430,1
1,3015,33,20,59446,1
1,9458,33,16,68905,1
1,312,33,11,69219,1
0,1,31,1,69223,1
1,1,28,1,69230,1
0,4,30,1,69235,1
0,41,30,6,69277,1
0,457,32,11,69735,1
1,5565,35,18,75301,1
0,1,34,1,75304,1
0,1,34,1,75306,1
1,16486,36,20,91793,1
0,97,34,9,91894,1
0,4358,37,20,96253,1
0,2593,37,15,98847,1
1,9526,37,20,108374,1
0,5324,37,19,113699,1
0,2,37,1,113702,1
0,1,34,1,113707,1
1,32,37,4,113741,1
0,1,36,1,113744,1
1,12351,38,23,126096,1
0,2,37,1,126100,1
1,16,37,3,126117,1
1,4,35,1,126125,1
0,9737,39,25,135864,1
0,1,37,1,135869,1
1,9389,39,22,145259,1
1,888,39,15,146148,1
0,3,38,2,146153,1
1,61,38,4,146217,1
0,33,38,3,146251,1
0,3,37,1,146256,1
1,287,38,11,146546,1
1,139,38,11,146686,1
0,1870,40,23,148557,1
0,13,42,2,148571,1
0,82266,46,31,230839,1
0,1,41,1,230847,1
0,1,40,1,230850,1
1,6,40,1,230857,1
0,2,40,1,230861,1
1,5,41,2,230867,1
0,1667,45,20,232537,1
0,12560,45,25,245100,1
0,1,44,1,245103,1
0,11,44,2,245115,1
1,7,44,2,245123,1
1,3338,44,21,248462,1
1,14,44,3,248477,1
0,9,44,2,248487,1
0,11,45,3,248506,1
0,17112,46,25,265619,1
0,1748,48,21,267368,1
1,7361,20,10,7362,2
0,447,20,7,7810,2
0,67,20,7,7879,2
0,1,20,1,7881,2
0,102,18,6,7989,2
1,16,18,3,8009,2
1,39,19,4,8049,2
0,2013,21,10,10063,2
1,6863,24,13,16929,2
1,128,24,8,17058,2
1,740,25,11,17800,2
0,1765,26,13,19569,2
0,116,25,5,19687,2
0,680,26,8,20368,2
1,1336,27,12,21705,2
1,1,27,1,21707,2
1,1,25,1,21711,2
0,1,24,1,21714,2
0,1,24,1,21716,2
0,1,24,1,21718,2
1,107,26,7,21826,2
0,1,26,1,21828,2
1,1,26,1,21831,2
0,6051,29,15,27883,2
1,729,28,12,28614,2
1,2,27,1,28618,2
0,2459,29,15,31078,2
0,1,29,1,31080,2
0,9,27,2,31092,2
1,47,28,4,31140,2
1,17698,33,17,48843,2
0,932,32,13,49779,2
0,4759,33,14,54541,2
1,1,28,1,54550,2
0,4,27,2,54558,2
0,1,27,1,54560,2
1,288,32,10,54852,2
1,53,32,5,54907,2
0,97,32,6,55005,2
0,9,30,2,55017,2
1,1,32,1,55019,2
0,4,30,2,55026,2
1,14,33,4,55043,2
1,1,32,1,55046,2
0,69,31,5,55117,2
1,5,31,1,55123,2
1,2,31,1,55126,2
0,16,32,3,55143,2
0,9,31,3,55154,2
1,1,31,1,55156,2
0,5,32,2,55162,2
0,122,32,7,55285,2
1,4405,34,14,59691,2
1,7,35,2,59700,2
1,602,35,12,60303,2
0,1,35,1,60305,2
1,7421,36,17,67728,2
0,9,34,2,67740,2
1,1,35,1,67743,2
1,135,33,6,67881,2
0,62,31,8,67946,2
1,187,33,9,68134,2
1,121,31,6,68258,2
0,4,31,1,68263,2
0,53,31,5,68317,2
1,40,33,5,68359,2
0,5,33,2,68365,2
1,61,33,6,68427,2
1,2549,37,16,70978,2
0,49,36,4,71029,2
0,1,36,1,71033,2
0,208,34,13,71244,2
1,16,34,2,71261,2
0,3,32,2,71267,2
1,1,32,1,71269,2
1,1,32,1,71271,2
0,40,34,4,71312,2
1,7763,37,17,79077,2
0,2760,36,15,81839,2
1,1032,36,15,82872,2
1,464,36,8,83337,2
0,1,36,1,83339,2
1,17912,40,20,101254,2
0,2,39,1,101258,2
1,52,39,9,101313,2
1,134,37,13,101450,2
0,14,36,4,101466,2
1,1,37,1,101468,2
1,352,37,12,101821,2
0,1,37,1,101823,2
0,16,37,4,101840,2
1,334,37,10,102177,2
1,16,38,4,102194,2
0,1,38,1,102197,2
1,1537,39,12,103735,2
0,123,39,15,103859,2
1,258,39,9,104120,2
0,141,39,7,104262,2
1,358,40,12,104621,2
0,4,39,1,104627,2
0,22,38,5,104651,2
1,2503,40,16,107155,2
1,2,39,1,107159,2
1,3,39,1,107163,2
0,116,38,8,107282,2
1,1805,41,17,109089,2
0,153,40,8,109244,2
1,7,40,2,109252,2
1,1,40,1,109254,2
0,1,33,1,109264,2
0,1,33,1,109266,2
1,2,33,1,109269,2
1,3,33,1,109273,2
0,11,36,3,109287,2
1,16,39,3,109306,2
1,1,39,1,109308,2
1,23,36,6,109335,2
1,7,38,2,109344,2
0,6,37,1,109352,2
1,4,38,1,109360,2
0,1,38,1,109362,2
1,2,37,1,109366,2
1,2,37,1,109369,2
0,307,38,9,109677,2
1,9046,42,18,118725,2
1,448,42,9,119174,2
1,6787,43,22,125962,2
1,11361,45,25,137324,2
1,3064,42,18,140392,2
1,6340,45,21,146733,2
1,21105,44,23,167840,2
0,1,44,1,167842,2
0,3,44,1,167846,2
1,2282,47,28,170129,2
1,46795,49,31,216925,2
1,65819,50,28,282749,2
1,296,49,18,283047,2
1,1,49,1,283049,2
0,1,46,1,283056,2
0,1,49,1,283061,2
1,1,49,1,283065,2
1,418,48,12,283485,2
0,113,48,10,283599,2
0,30,48,6,283630,2
1,9060,50,27,292691,2
1,45766,51,29,338458,2
1,3774,17,7,3778,3
0,1117,17,7,4897,3
0,57,16,4,4956,3
1,1,16,1,4958,3
0,283,18,8,5242,3
0,460,17,7,5705,3
0,201,17,6,5907,3
0,72,17,6,5980,3
0,219,17,7,6200,3
1,37,17,6,6239,3
0,234,17,7,6476,3
0,45,17,4,6522,3
0,55,17,4,6580,3
1,409,17,6,6990,3
0,3,14,1,6999,3
1,1563,19,8,8567,3
1,952,21,10,9520,3
1,379,20,7,9902,3
1,925,20,8,10829,3
0,935,20,10,11765,3
1,3587,22,11,15355,3
1,4110,24,13,19467,3
0,1,24,1,19471,3
0,6,24,1,19478,3
0,4,24,1,19483,3
1,1,24,1,19485,3
1,6,23,2,19493,3
0,4757,26,16,24253,3
0,566,28,11,24820,3
0,1930,27,11,26752,3
0,1,27,1,26754,3
0,140,28,9,26896,3
0,62,27,7,26960,3
0,3306,27,11,30267,3
0,1493,27,11,31761,3
1,6997,29,15,38767,3
0,1,28,1,38770,3
1,284,28,9,39055,3
0,284,27,7,39341,3
0,22,26,6,39365,3
0,2,26,1,39368,3
0,1,25,1,39380,3
1,2,27,2,39383,3
1,14,27,3,39398,3
0,3,26,1,39407,3
0,1,26,1,39409,3
0,1,26,1,39411,3
1,2,25,1,39420,3
0,6,27,3,39429,3
1,123,29,11,39553,3
0,325,29,10,39880,3
1,248,29,9,40129,3
1,6,31,2,40136,3
1,14491,33,19,54628,3
0,7874,33,16,62503,3
1,4662,33,18,67166,3
1,6054,35,19,73221,3
0,14903,36,21,88125,3
0,675,35,15,88802,3
1,2141,38,20,90944,3
1,15483,37,19,106431,3
1,1341,36,17,107776,3
1,24,37,5,107801,3
1,5114,39,21,112916,3
0,5804,39,20,118721,3
1,44673,42,22,163396,3
0,2,41,1,163400,3
1,66,41,5,163467,3
0,1,39,1,163471,3
0,1,39,1,163473,3
0,2,39,1,163477,3
1,47,41,5,163525,3
0,17,40,3,163544,3
0,1,40,1,163546,3
1,98,42,6,163647,3
1,2926,42,19,166574,3
0,3706,42,21,170281,3
1,2,42,1,170284,3
1,12673,43,22,182958,3
0,1,41,1,182962,3
1,19,40,6,182983,3
0,1,40,1,182986,3
0,1,37,1,182991,3
0,7,37,2,183000,3
0,1,39,1,183006,3
1,8,41,3,183015,3
0,1,40,1,183019,3
1,45,41,4,183065,3
0,83,41,8,183149,3
1,40,41,7,183191,3
1,267,43,10,183459,3
0,1,42,1,183462,3
1,8368,44,23,191831,3
0,2219,44,22,194051,3
1,34294,45,25,228346,3
1,3953,44,21,232301,3
0,3,45,1,232306,3
1,10764,46,26,243073,3
1,89607,50,29,332681,3
1,15082,52,29,347764,3
0,22,47,5,347792,3
1,149645,49,31,497438,3
0,2,19,1,4,4
0,591,17,7,598,4
1,1,17,1,600,4
0,1316,19,9,1918,4
1,1,19,1,1920,4
0,4041,20,10,5962,4
1,1,19,1,5965,4
1,1,18,1,5969,4
1,5,17,1,5976,4
1,1,16,1,5979,4
0,95,17,5,6075,4
1,1,16,1,6078,4
0,3,15,1,6084,4
0,2,15,1,6087,4
1,188,18,6,6278,4
0,11,18,3,6290,4
0,75,17,5,6370,4
0,1,17,1,6373,4
1,4,17,1,6381,4
0,2152,21,11,8536,4
0,5,20,1,8543,4
0,1,20,1,8545,4
1,5081,22,12,13627,4
1,123,24,12,13751,4
0,1,23,1,13754,4
1,5163,23,11,18919,4
1,7182,25,13,26102,4
1,1197,26,12,27300,4
0,12,25,2,27315,4
1,1,24,1,27318,4
0,2,24,1,27321,4
1,845,26,12,28169,4
0,453,26,10,28623,4
0,1,22,1,28630,4
1,31,23,5,28665,4
1,10,22,3,28677,4
1,214,23,5,28892,4
0,4,23,1,28897,4
1,442,26,9,29340,4
1,3341,26,12,32682,4
0,4,23,1,32692,4
0,10,22,3,32704,4
1,37,23,4,32742,4
0,694,26,9,33439,4
1,675,26,11,34116,4
0,376,26,9,34493,4
1,5604,28,14,40098,4
1,104,25,7,40206,4
0,1,25,1,40208,4
1,2,25,1,40211,4
0,1267,28,11,41483,4
1,2,27,1,41489,4
0,110,27,6,41600,4
0,1,26,1,41603,4
0,4,26,2,41612,4
1,5,25,2,41619,4
0,44,27,4,41664,4
1,6,27,2,41671,4
0,1581,30,13,43254,4
1,1124,29,15,44380,4
0,1,29,1,44383,4
1,9933,31,17,54317,4
0,3,30,1,54322,4
0,1,30,1,54324,4
1,790,31,14,55115,4
1,2,31,1,55118,4
1,1320,31,15,56439,4
0,7430,32,17,63870,4
0,1132,32,14,65003,4
1,1,31,1,65006,4
1,3,30,1,65011,4
0,10810,34,19,75826,4
1,4,36,3,75831,4
1,59476,38,23,135308,4
1,2,38,1,135311,4
1,3,38,1,135315,4
1,1,37,1,135318,4
1,257,37,17,135580,4
1,4071,38,19,139652,4
0,14067,42,26,153724,4
0,4,38,2,153733,4
1,207,38,9,153942,4
0,1,36,1,153946,4
1,202,38,7,154149,4
1,201,40,12,154351,4
0,5,36,2,154363,4
1,952,40,15,155317,4
1,1,41,1,155320,4
0,4,41,1,155325,4
1,533,40,19,155861,4
0,50,40,6,155912,4
0,2,40,1,155915,4
1,7,42,2,155926,4
1,123618,44,30,279545,4
1,10630,44,26,290176,4
0,22579,43,25,312757,4
0,4705,42,22,317464,4
0,1,41,1,317467,4
0,1,41,1,317471,4
1,1366,44,24,318839,4
0,66163,46,30,385003,4
0,110941,48,32,495945,4
0,1,48,1,495952,4
1,1,45,1,495958,4
1,5,45,2,495964,4
0,6365,19,9,6367,5
1,414,18,8,6784,5
1,651,20,10,7436,5
0,1,20,1,7438,5
0,541,20,9,7980,5
0,1,20,1,7982,5
0,3,20,1,7986,5
0,15,17,2,8006,5
1,30,18,4,8038,5
1,29,17,3,8072,5
0,4,18,1,8077,5
0,2,18,1,8080,5
1,44,17,4,8126,5
1,2,16,1,8136,5
1,1,16,1,8138,5
1,3,15,1,8151,5
0,1,14,1,8157,5
1,1,14,1,8159,5
0,7,16,1,8167,5
0,10,16,1,8178,5
0,137,17,4,8319,5
0,55,20,6,8375,5
0,2,20,1,8378,5
0,1,20,1,8380,5
1,1159,23,12,9541,5
1,5,23,1,9547,5
1,3,20,1,9554,5
1,11,20,3,9566,5
0,437,22,8,10005,5
1,10,22,2,10017,5
0,1,22,1,10019,5
1,1515,23,9,11536,5
1,219,23,8,11758,5
1,1405,23,10,13166,5
1,2015,24,12,15184,5
1,2903,24,11,18088,5
1,33,23,6,18123,5
1,1,21,1,18127,5
0,485,23,10,18613,5
1,7,24,2,18622,5
0,4138,26,13,22761,5
1,827,26,12,23590,5
1,2,26,1,23593,5
0,8614,28,13,32209,5
0,43,26,9,32256,5
0,56,26,4,32314,5
1,1,25,1,32318,5
1,1,25,1,32324,5
1,2,24,1,32328,5
0,20,25,3,32349,5
1,1,25,1,32351,5
1,1,26,1,32355,5
0,119,27,9,32477,5
1,1,26,1,32481,5
0,3984,29,15,36468,5
1,1417,29,13,37886,5
0,1525,31,16,39412,5
0,2513,31,13,41926,5
1,1,30,1,41930,5
1,17,30,4,41949,5
1,689,31,11,42640,5
0,1,31,1,42642,5
1,13008,34,19,55652,5
0,16,35,2,55669,5
0,24483,36,20,80156,5
0,3,35,2,80161,5
0,19,33,3,80184,5
1,6561,36,17,86747,5
1,1386,36,15,88136,5
1,910,36,10,89047,5
1,255,36,12,89304,5
1,1,35,1,89313,5
1,2,34,1,89317,5
0,167,36,5,89485,5
1,1,35,1,89488,5
1,39,30,4,89536,5
0,95,37,7,89636,5
0,2,35,1,89641,5
1,8,35,3,89651,5
0,1585,37,17,91242,5
0,1,37,1,91244,5
1,2089,38,18,93334,5
1,5300,39,20,98635,5
1,8365,40,20,107001,5
0,13321,41,19,120323,5
0,48018,44,25,168343,5
1,6334,44,18,174678,5
1,1,44,1,174680,5
1,1,45,1,174683,5
0,22267,45,22,196951,5
0,2,45,1,196954,5
1,5,44,2,196961,5
1,173,43,10,197136,5
1,1,43,1,197138,5
0,403,43,12,197543,5
0,1587,44,17,199131,5
0,21,43,3,199157,5
0,1735,44,19,200893,5
0,527,45,17,201421,5
1,1,41,1,201429,5
0,410,45,13,201843,5
0,42791,48,27,244635,5
0,146068,51,30,390704,5
1,1365,51,22,392070,5
1,32221,51,29,424292,5
1,11919,20,10,11920,6
0,14,19,4,11938,6
1,61,21,8,12002,6
1,1557,21,9,13561,6
1,128,20,7,13691,6
0,2,18,1,13705,6
1,229,21,7,13936,6
0,7,19,1,13947,6
0,4,19,1,13952,6
0,2,19,1,13955,6
1,3,20,1,13961,6
1,2,21,1,13965,6
0,1600,23,11,15566,6
1,555,23,8,16122,6
1,1,23,1,16126,6
0,11474,25,13,27601,6
1,3,25,1,27605,6
1,1,25,1,27607,6
1,123,24,10,27732,6
1,10,24,2,27744,6
0,1,23,1,27748,6
1,9,24,2,27758,6
1,11,25,3,27770,6
0,6,25,1,27777,6
1,2,25,1,27781,6
0,4692,29,18,32477,6
0,5,29,2,32488,6
1,4,29,1,32495,6
0,10211,31,18,42707,6
0,22351,35,20,65059,6
1,1,34,1,65063,6
0,5,35,2,65069,6
0,3,35,2,65078,6
0,3,34,1,65083,6
0,1,34,1,65091,6
1,1,35,1,65094,6
1,3648,35,19,68745,6
0,1,35,1,68748,6
0,2,35,1,68754,6
0,2810,37,23,71567,6
1,24848,39,20,96416,6
0,960,38,17,97378,6
1,4,38,1,97383,6
1,25,39,2,97411,6
1,1612,38,18,99028,6
0,14,38,2,99045,6
1,7523,38,19,106569,6
1,1430,39,13,108002,6
0,1,38,1,108005,6
0,3565,38,17,111571,6
0,1224,38,17,112796,6
1,6027,40,21,118824,6
1,25874,43,24,144700,6
0,38579,45,22,183280,6
1,7056,45,21,190339,6
1,1533,45,19,191873,6
0,3367,48,21,195243,6
0,8953,48,21,204199,6
1,185,46,10,204388,6
0,1,46,1,204392,6
0,3,47,1,204398,6
1,2800,47,18,207201,6
0,1,47,1,207203,6
0,1,47,1,207205,6
1,4,47,1,207210,6
0,74382,50,29,281594,6
1,2400,50,18,283995,6
1,4,49,1,284001,6
0,200,48,8,284203,6
0,8,45,2,284217,6
1,166,48,6,284384,6
1,151,48,7,284536,6
1,1,48,1,284538,6
0,7,49,3,284546,6
1,1,49,1,284548,6
1,1,49,1,284550,6
0,2,49,1,284554,6
1,1,49,1,284556,6
0,227,51,15,284784,6
1,5050,18,8,5053,7
0,3551,19,9,8605,7
1,2914,20,10,11520,7
0,785,21,9,12307,7
1,278,20,8,12587,7
1,9,21,2,12599,7
0,253,21,9,12853,7
1,1879,22,10,14733,7
0,5,22,1,14739,7
1,2,22,1,14742,7
0,5794,24,13,20537,7
1,2,23,1,20541,7
0,4781,25,11,25323,7
0,1110,26,11,26435,7
0,165,25,8,26602,7
0,385,26,10,26989,7
1,6596,28,14,33587,7
0,6801,28,13,40389,7
0,1438,28,11,41828,7
0,489,29,13,42318,7
0,11,29,2,42330,7
0,1,27,1,42334,7
1,20,27,3,42356,7
1,2,27,1,42359,7
1,11,27,2,42371,7
1,1,26,1,42374,7
0,199,28,11,42574,7
0,505,29,12,43081,7
1,1,28,1,43085,7
1,16,28,4,43110,7
1,250,31,13,43362,7
1,22796,33,17,66159,7
0,9,33,3,66171,7
0,6,32,2,66179,7
1,421,32,12,66604,7
1,814,32,13,67419,7
0,1,32,1,67421,7
1,4,30,1,67428,7
0,1446,33,15,68877,7
0,3,32,2,68882,7
1,11092,35,19,79975,7
0,16056,38,22,96034,7
0,7806,38,20,103844,7
0,19624,41,21,123470,7
0,20967,44,26,144438,7
0,75552,44,27,219996,7
1,454,44,12,220452,7
1,2,43,1,220456,7
0,1,43,1,220458,7
1,844,43,10,221304,7
0,4471,43,23,225776,7
0,33335,45,26,259112,7
1,1,44,1,259115,7
1,2,45,1,259119,7
0,587,45,12,259708,7
0,137251,48,29,396960,7
1,1,46,1,396965,7
1,1,46,1,396967,7
1,28,46,5,396998,7
0,23,47,4,397024,7
0,52941,50,28,449968,7
0,4752,18,8,4755,8
0,103,18,7,4859,8
1,2026,20,10,6886,8
0,879,21,8,7766,8
1,4673,21,9,12440,8
1,39,21,4,12482,8
1,12,21,3,12495,8
0,3,20,1,12500,8
1,435,22,8,12936,8
1,1,21,1,12939,8
0,167,23,12,13108,8
0,6480,25,12,19589,8
0,134,25,7,19726,8
0,3,25,1,19731,8
0,1,25,1,19734,8
0,83,25,9,19819,8
0,616,25,10,20436,8
1,280,25,11,20718,8
1,1203,25,10,21922,8
0,269,25,11,22192,8
0,1,25,1,22194,8
1,1,27,1,22196,8
1,383,26,11,22581,8
1,832,26,14,23414,8
0,1,23,1,23419,8
0,1,23,1,23421,8
1,42,24,8,23464,8
0,2,23,1,23468,8
1,103,26,7,23572,8
0,8358,28,15,31931,8
0,70,25,5,32005,8
1,446,25,8,32452,8
1,9,26,3,32464,8
0,53,26,5,32518,8
0,37,25,5,32557,8
1,39,25,5,32599,8
1,4566,28,13,37166,8
1,2,28,1,37170,8
0,1,28,1,37172,8
1,1381,30,12,38554,8
0,23,30,2,38588,8
1,106,30,11,38696,8
0,1,29,1,38699,8
1,13170,31,16,51870,8
0,685,31,11,52556,8
1,239,31,12,52796,8
0,794,31,12,53597,8
0,1,31,1,53601,8
0,30,31,4,53632,8
0,1,31,1,53634,8
1,5,32,2,53640,8
0,27,31,5,53669,8
0,1,30,1,53672,8
1,32,31,3,53705,8
1,17,31,3,53723,8
0,4,28,1,53731,8
1,440,32,13,54173,8
1,526,32,14,54700,8
1,7068,34,18,61769,8
0,2,31,1,61775,8
1,548,35,12,62326,8
0,328,35,12,62655,8
1,49803,38,22,112460,8
1,1,38,1,112462,8
0,3739,40,16,116202,8
1,418,38,14,116623,8
1,4455,40,20,121079,8
1,13365,41,21,134445,8
1,1,37,1,134451,8
0,5,36,2,134458,8
1,1242,39,15,135701,8
1,4,39,1,135706,8
0,7280,42,18,142987,8
1,96,41,7,143086,8
0,10,41,2,143097,8
1,2556,43,18,145654,8
0,1,41,1,145658,8
0,575,41,13,146234,8
0,150,41,7,146386,8
0,2,40,1,146390,8
0,1,40,1,146392,8
0,1,39,1,146395,8
1,83,42,7,146480,8
1,1,41,1,146484,8
0,3,41,2,146488,8
1,16,43,3,146505,8
0,21,43,5,146528,8
0,510,43,14,147039,8
1,1,43,1,147041,8
0,3466,43,20,150508,8
0,3,42,1,150513,8
1,7364,44,20,157878,8
1,1,45,1,157880,8
0,2,42,1,157887,8
1,4142,44,20,162032,8
1,69734,46,25,231767,8
0,5,45,2,231774,8
0,1,45,1,231779,8
0,7,45,2,231788,8
1,18082,47,27,249871,8
1,18355,48,27,268227,8
0,170831,50,31,439059,8
1,2,51,1,439062,8
1,3,51,1,439066,8
0,9,53,2,439076,8
1,11704,20,10,11705,9
0,398,20,8,12105,9
0,1,20,1,12110,9
0,16,20,4,12127,9
0,1,20,1,12129,9
0,1,20,1,12131,9
0,1332,20,9,13464,9
1,26,20,6,13491,9
0,1485,20,8,14977,9
1,2,20,1,14980,9
1,1,17,1,14985,9
0,23,20,5,15011,9
1,320,20,5,15332,9
0,1,20,1,15334,9
1,2231,22,10,17566,9
0,593,22,10,18160,9
0,4646,24,13,22807,9
1,12386,28,16,35195,9
1,13891,31,20,49088,9
0,3,30,2,49093,9
0,1,30,1,49095,9
1,871,32,11,49968,9
1,18996,35,19,68965,9
1,6349,35,19,75315,9
1,460,33,16,75778,9
1,19669,36,19,95449,9
0,4700,37,20,100150,9
0,2,36,1,100154,9
1,262,37,10,100417,9
0,30,37,5,100450,9
0,28476,39,22,128927,9
1,1343,38,17,130272,9
1,8,38,2,130281,9
0,1,35,1,130287,9
1,94,37,7,130382,9
0,4,36,1,130388,9
1,935,39,14,131325,9
0,8444,41,23,139770,9
0,1,41,1,139772,9
1,33163,41,22,172936,9
0,3909,42,17,176846,9
1,5,42,1,176853,9
0,38563,44,25,215417,9
1,1,42,1,215421,9
0,1,43,1,215425,9
1,4706,44,25,220132,9
0,10,46,2,220144,9
1,129757,48,31,349903,9
1,1,47,1,349906,9
1,2,47,1,349909,9
0,4453,48,27,354363,9
0,26,48,4,354390,9
0,2104,47,23,356499,9
1,1,46,1,356504,9
1,2,46,1,356507,9
0,8322,48,29,364830,9
1,4027,48,26,368858,9
0,3,48,1,368862,9
0,3,46,1,368868,9
1,1108,45,25,369979,9
0,11748,47,29,381729,9
0,31553,49,29,413283,9
0,3150,48,29,416435,9
0,1,49,1,416437,9
1,1,48,1,416440,9
1,2367,48,28,418808,9
0,5,48,2,418816,9
1,1,48,1,418819,9
0,47854,50,30,466674,9
0,20533,50,31,487208,9
0,10679,20,10,10680,10
1,2473,21,11,13157,10
0,477,21,7,13635,10
1,538,21,8,14174,10
0,47,21,5,14224,10
0,28,21,3,14253,10
0,1067,23,11,15321,10
1,2512,23,11,17834,10
1,28,19,3,17873,10
0,28,21,3,17902,10
0,4,20,1,17908,10
1,478,22,7,18387,10
0,190,22,8,18578,10
0,262,21,8,18842,10
0,3,21,1,18846,10
0,1,20,1,18851,10
1,85,21,7,18940,10
1,3,21,2,18954,10
0,3,21,1,18958,10
0,1,21,1,18960,10
1,89,22,5,19050,10
0,236,21,7,19288,10
1,332,23,10,19623,10
0,352,24,9,19976,10
0,6,24,2,19983,10
1,4,24,1,19988,10
0,6465,26,12,26454,10
1,722,26,12,27180,10
1,1,25,1,27183,10
1,2,25,1,27188,10
0,1548,27,15,28737,10
1,18,26,3,28762,10
1,959,28,12,29722,10
1,3017,29,13,32741,10
0,3,29,1,32745,10
1,1082,30,11,33828,10
1,85,29,4,33915,10
1,1003,31,15,34920,10
1,1,28,1,34925,10
0,188,28,9,35115,10
0,5,28,3,35121,10
1,6,27,1,35129,10
0,209,28,7,35340,10
1,630,29,9,35971,10
1,1,29,1,35973,10
0,1648,31,12,37622,10
1,619,30,9,38244,10
0,5978,32,16,44223,10
0,1,32,1,44225,10
0,1,31,1,44228,10
1,2349,33,15,46578,10
0,512,31,12,47094,10
0,5,31,1,47100,10
1,534,33,14,47635,10
0,25810,37,22,73446,10
0,28943,37,23,102390,10
0,5,33,1,102401,10
1,963,36,15,103370,10
1,51343,39,24,154715,10
1,3095,39,22,157812,10
1,1,39,1,157814,10
1,2,40,1,157821,10
0,29286,44,28,187110,10
1,1,44,1,187112,10
1,1,44,1,187114,10
1,1,44,1,187116,10
1,1,44,1,187118,10
1,2,44,1,187121,10
1,1,44,1,187123,10
0,156413,46,29,343537,10
0,2478,45,24,346018,10
0,14270,45,29,360289,10
1,39558,47,30,399848,10
1,48647,47,30,448498,10
0,7915,49,30,456414,10
0,1443,15,5,1452,11
1,1131,17,7,2584,11
1,1,17,1,2588,11
1,1,17,1,2590,11
1,2,17,1,2595,11
0,11829,21,11,14428,11
1,3601,22,10,18032,11
0,1,20,1,18036,11
0,45,20,5,18082,11
0,5,19,2,18089,11
1,3,20,2,18093,11
1,7,20,2,18101,11
1,232,21,7,18334,11
0,1476,22,11,19813,11
1,1040,25,13,20855,11
0,541,26,13,21398,11
0,2702,25,14,24103,11
0,1479,25,10,25584,11
0,1,25,1,25586,11
1,259,27,9,25846,11
1,2,26,1,25850,11
0,4722,28,15,30573,11
1,13,26,2,30589,11
1,4,25,1,30597,11
1,127,26,9,30729,11
1,1,26,1,30732,11
0,4,25,1,30738,11
0,10,25,3,30749,11
0,24,25,2,30774,11
0,1,25,1,30776,11
1,4662,29,13,35440,11
1,21790,31,18,57231,11
0,216,30,10,57449,11
0,4300,31,15,61750,11
1,21017,34,18,82768,11
1,2720,35,17,85489,11
1,4,34,1,85495,11
0,44394,37,22,129890,11
0,2,35,1,129896,11
1,3767,38,19,133664,11
0,1,36,1,133668,11
1,14,39,4,133684,11
0,1,36,1,133689,11
0,4,36,1,133694,11
0,19,36,3,133716,11
1,3,38,1,133720,11
1,1,38,1,133722,11
0,2,37,1,133726,11
0,2,37,1,133729,11
1,4,37,1,133738,11
0,2,37,1,133741,11
0,25551,40,22,159295,11
1,3,38,1,159301,11
0,40,33,4,159347,11
1,1,32,1,159350,11
0,66,33,5,159417,11
1,1,32,1,159420,11
0,151,34,7,159572,11
0,16,37,4,159591,11
1,5,40,3,159598,11
1,563,40,17,160162,11
1,42772,41,25,202935,11
0,175889,47,29,378830,11
0,82672,51,32,461504,11
1,7,51,2,461513,11
1,5121,50,29,466636,11
1,6756,49,25,473397,11
0,8474,20,10,8475,12
1,2,15,1,8484,12
0,14,18,4,8501,12
0,1885,20,9,10387,12
0,1,19,1,10390,12
0,310,18,7,10702,12
0,408,20,8,11112,12
0,4869,23,13,15982,12
0,95,22,7,16079,12
1,1,22,1,16087,12
0,2189,23,11,18280,12
0,17414,26,15,35695,12
1,5217,27,14,40913,12
1,7243,29,16,48158,12
1,8642,31,18,56803,12
0,2238,31,17,59045,12
1,6710,33,17,65756,12
0,1,30,1,65761,12
0,1,30,1,65763,12
0,1,27,1,65770,12
0,21,25,4,65796,12
1,11,28,3,65808,12
0,3,30,2,65813,12
1,4,33,3,65818,12
0,2975,33,14,68795,12
0,1,33,1,68797,12
1,5013,34,15,73811,12
0,24,34,3,73837,12
1,8380,35,16,82218,12
0,18002,37,21,100221,12
1,1,36,1,100224,12
1,329,36,16,100554,12
1,6,36,2,100561,12
1,1,35,1,100564,12
1,12,33,3,100579,12
0,38,35,4,100618,12
1,54,37,6,100673,12
0,44727,42,24,145401,12
0,1,42,1,145403,12
0,1,42,1,145405,12
0,1,42,1,145407,12
0,1,42,1,145409,12
0,1226,42,19,146636,12
0,1,43,1,146639,12
1,21019,43,23,167660,12
0,3,44,2,167664,12
0,116,44,9,167781,12
1,4245,44,17,172027,12
0,89,44,6,172117,12
0,337,44,11,172455,12
0,58,44,6,172514,12
0,7,44,1,172523,12
1,50931,47,25,223457,12
1,92698,49,27,316157,12
0,1,48,1,316163,12
1,8931,49,23,325098,12
0,1,48,1,325101,12
1,3,48,1,325105,12
0,88784,50,28,413890,12
0,12493,50,27,426384,12
1,29,50,4,426414,12
1,8476,50,29,434894,12
1,2,19,1,4,13
1,2662,19,9,2667,13
0,16,18,3,2685,13
1,10464,21,11,13150,13
1,149,20,8,13306,13
0,1,19,1,13309,13
1,5,18,1,13317,13
1,3,18,1,13321,13
1,34,18,3,13356,13
0,5,18,2,13363,13
1,3,19,2,13367,13
0,222,20,6,13590,13
1,1694,22,10,15285,13
1,869,21,9,16156,13
1,13,21,4,16171,13
0,2,22,1,16174,13
1,1,21,1,16177,13
1,358,21,10,16536,13
0,2,21,1,16539,13
0,383,20,8,16927,13
1,21,19,3,16950,13
1,6,18,2,16958,13
0,22,20,4,16981,13
0,588,22,9,17570,13
1,219,21,8,17791,13
0,1,21,1,17793,13
0,302,21,8,18096,13
0,1,21,1,18098,13
0,24,21,3,18123,13
0,4979,25,14,23105,13
1,4783,25,14,27889,13
0,2,25,1,27893,13
1,1475,26,12,29370,13
1,1,27,1,29373,13
1,56,26,5,29431,13
1,206,26,8,29638,13
0,4,25,1,29644,13
0,1,25,1,29646,13
1,38,26,4,29685,13
0,5,25,2,29694,13
0,5159,30,15,34860,13
1,4959,31,17,39823,13
0,1,31,1,39825,13
1,38,31,5,39865,13
1,1,30,1,39868,13
0,945,31,14,40815,13
0,3,31,1,40819,13
1,19,31,5,40840,13
1,6119,31,14,46963,13
1,1959,32,16,48925,13
0,1,31,1,48928,13
1,25458,34,19,74389,13
1,5,34,2,74395,13
0,3575,33,15,77972,13
0,1,33,1,77974,13
1,477,32,13,78454,13
0,39,33,7,78494,13
0,51,33,5,78546,13
0,111,33,9,78661,13
1,12396,36,17,91059,13
0,7721,41,19,98783,13
1,18,40,3,98804,13
1,1,40,1,98806,13
1,1175,40,14,99982,13
0,439,38,14,100425,13
0,1519,39,19,101945,13
1,2,34,1,101954,13
0,149,36,9,102107,13
1,86,36,5,102195,13
1,1,36,1,102197,13
0,14,38,3,102212,13
0,1,38,1,102214,13
1,1,38,1,102216,13
0,1,38,1,102219,13
0,1,38,1,102221,13
1,11046,40,20,113268,13
0,1,40,1,113270,13
0,1,39,1,113275,13
1,1389,40,16,114665,13
0,2,40,1,114668,13
1,1,40,1,114670,13
1,4,41,1,114676,13
0,1,41,1,114678,13
1,78757,45,27,193438,13
1,4,43,1,193445,13
0,624,42,13,194072,13
1,29519,46,27,223592,13
0,18386,46,27,241979,13
0,1,44,1,241986,13
0,130,43,9,242118,13
1,20,46,3,242140,13
1,4,45,1,242146,13
1,3,43,1,242152,13
1,2,41,1,242157,13
1,1,40,1,242160,13
0,22,42,3,242183,13
0,135,45,13,242320,13
1,10800,45,27,253122,13
1,5,44,3,253129,13
0,105669,47,31,358799,13
1,3,46,1,358806,13
0,6,45,2,358814,13
1,1,45,1,358816,13
1,5,17,1,9,14
0,1836,17,7,1846,14
1,2,16,1,1850,14
1,986,16,6,2837,14
1,2,16,1,2840,14
0,2270,20,10,5113,14
1,872,20,10,5986,14
1,793,20,10,6780,14
1,7,20,2,6789,14
0,5275,21,11,12065,14
1,1,21,1,12067,14
0,132,20,5,12201,14
0,1,20,1,12203,14
1,40,19,5,12247,14
1,7,18,2,12256,14
1,2,19,1,12261,14
1,1,19,1,12263,14
0,7,20,2,12272,14
1,4,19,2,12278,14
0,1,19,1,12280,14
1,3,19,1,12284,14
1,1,18,1,12294,14
0,4,20,3,12300,14
0,5,17,2,12309,14
1,81,18,6,12391,14
1,2,18,1,12394,14
1,4,18,1,12399,14
1,7,19,2,12407,14
1,1,19,1,12409,14
0,1,19,1,12411,14
1,4,19,1,12416,14
1,1,19,1,12418,14
0,304,21,10,12723,14
0,36,18,4,12766,14
1,75,18,3,12842,14
1,1,18,1,12844,14
1,1,18,1,12846,14
0,434,20,7,13281,14
1,7086,24,13,20369,14
0,1881,24,12,22251,14
0,2,24,1,22254,14
0,25,24,5,22282,14
0,1,24,1,22284,14
1,5689,25,14,27974,14
0,2,25,1,27977,14
1,19,24,3,27999,14
1,8,24,2,28008,14
0,86,25,6,28096,14
1,663,25,10,28760,14
1,1,25,1,28762,14
0,1,26,1,28765,14
1,82,23,6,28851,14
1,4749,26,12,33601,14
1,4497,29,14,38099,14
0,2233,29,14,40333,14
0,4046,30,16,44380,14
1,9804,32,17,54186,14
0,1,32,1,54188,14
0,1,32,1,54190,14
0,6,32,1,54197,14
1,4,32,1,54202,14
1,2,32,1,54206,14
0,23512,35,18,77720,14
0,909,34,15,78631,14
0,372,34,15,79006,14
0,2904,35,15,81912,14
1,63,33,5,81978,14
1,117,35,11,82096,14
1,66,34,7,82164,14
1,148,34,10,82313,14
1,1310,36,18,83624,14
0,41,34,5,83668,14
1,28,36,4,83697,14
0,133,35,7,83832,14
0,47,33,6,83888,14
0,1,33,1,83890,14
1,393,36,10,84285,14
1,31594,38,22,115880,14
0,23321,40,22,139202,14
0,2699,40,16,141903,14
0,3,40,1,141907,14
1,4,40,2,141913,14
0,1,40,1,141917,14
0,156,38,17,142076,14
0,2,37,1,142080,14
1,1604,39,15,143685,14
1,254,40,11,143942,14
0,4,40,1,143947,14
1,36319,42,24,180267,14
1,2,42,1,180270,14
0,1,42,1,180272,14
1,14547,43,23,194820,14
0,2650,44,22,197472,14
0,39187,44,26,236662,14
1,50201,46,28,286864,14
0,19643,46,23,306510,14
0,4,45,2,306517,14
0,8,45,3,306526,14
0,1,45,1,306529,14
0,1,45,1,306534,14
1,54,47,6,306589,14
1,1,46,1,306592,14
1,1,47,1,306595,14
1,1,45,1,306602,14
0,93312,49,30,399916,14
0,19,47,3,399938,14
1,11118,20,10,11119,15
1,37,19,5,11158,15
0,2,18,1,11163,15
1,30,19,4,11195,15
1,155,19,8,11352,15
1,70,18,5,11424,15
1,66,19,8,11491,15
1,1,16,1,11496,15
0,736,21,9,12239,15
0,1973,21,11,14213,15
1,4,21,1,14218,15
0,1,21,1,14220,15
1,320,22,9,14541,15
0,4803,23,13,19345,15
0,1,23,1,19347,15
1,1,22,1,19350,15
1,1309,22,12,20660,15
1,27,21,7,20689,15
1,1,21,1,20692,15
0,193,22,9,20886,15
0,30,21,5,20920,15
1,43,21,4,20964,15
0,321,22,8,21286,15
1,1,22,1,21288,15
1,458,21,8,21748,15
1,4,22,2,21753,15
1,2,19,1,21759,15
0,456,22,9,22216,15
1,1,21,1,22219,15
0,1484,23,12,23705,15
1,2246,24,13,25952,15
0,34,23,5,25988,15
1,19,21,3,26010,15
1,5,21,2,26016,15
1,67,21,8,26084,15
0,1,21,1,26086,15
1,8,21,3,26097,15
0,407,23,9,26505,15
1,3,22,1,26510,15
0,2,22,1,26513,15
1,18,23,3,26532,15
0,5122,27,14,31656,15
1,3,27,1,31660,15
1,1,27,1,31662,15
1,232,25,10,31897,15
1,1104,27,13,33002,15
1,50,24,4,33058,15
1,36,25,5,33095,15
0,1,25,1,33098,15
1,1,24,1,33101,15
1,9,23,2,33112,15
0,35,25,4,33148,15
0,5,23,2,33156,15
0,7888,29,15,41047,15
1,1,29,1,41049,15
0,13685,31,15,54735,15
0,27,32,5,54764,15
0,2668,32,16,57433,15
0,4062,33,16,61497,15
1,3,32,1,61502,15
0,142,32,5,61646,15
1,1,31,1,61649,15
1,2035,31,15,63685,15
1,590,29,10,64279,15
1,74,31,8,64354,15
1,1,31,1,64356,15
0,1385,32,15,65742,15
0,1,32,1,65745,15
1,1,32,1,65747,15
0,114,32,11,65863,15
0,12903,35,19,78767,15
1,10,35,2,78778,15
1,2444,35,17,81223,15
1,1,35,1,81228,15
0,691,35,16,81921,15
0,1,34,1,81925,15
0,1,34,1,81927,15
0,1,34,1,81929,15
1,510,35,13,82441,15
1,5649,35,16,88091,15
1,16007,36,18,104099,15
1,127,33,7,104230,15
1,846,36,12,105078,15
0,1,34,1,105082,15
0,1,34,1,105084,15
1,3,34,1,105088,15
0,2949,36,19,108038,15
1,3,34,2,108048,15
1,77,33,8,108128,15
0,97,34,8,108228,15
0,14925,36,21,123154,15
0,25451,38,20,148606,15
1,2,39,1,148611,15
0,38695,42,26,187308,15
1,34594,43,26,221903,15
1,3,43,1,221907,15
0,14874,43,23,236782,15
0,75786,46,28,312569,15
1,8729,47,24,321299,15
0,1194,47,23,322494,15
1,8676,46,26,331172,15
0,10,45,2,331184,15
1,30870,48,27,362057,15
1,2,48,1,362060,15
1,5,47,1,362067,15
0,12946,20,10,12947,16
0,9,18,3,12959,16
1,2,18,1,12962,16
0,8,20,3,12974,16
1,105,20,8,13081,16
1,247,20,9,13329,16
1,231,20,7,13561,16
0,34,20,4,13597,16
1,1,22,1,13601,16
0,1,21,1,13604,16
1,101,20,6,13709,16
0,24,20,3,13735,16
0,809,22,12,14545,16
0,6,20,1,14557,16
1,2,21,1,14560,16
1,1,22,1,14564,16
1,1,21,1,14567,16
0,3,21,1,14571,16
0,1,21,1,14573,16
0,36,21,6,14610,16
0,1,21,1,14615,16
1,229,23,11,14845,16
0,1,23,1,14849,16
1,27,23,3,14880,16
0,3,22,1,14885,16
1,256,21,8,15145,16
1,2072,23,11,17218,16
1,2,19,1,17225,16
0,19,20,5,17245,16
1,12,18,3,17261,16
0,8,21,3,17271,16
0,1208,22,9,18483,16
1,281,22,8,18765,16
1,1,22,1,18767,16
0,158,22,8,18927,16
0,5,20,1,18935,16
1,1,20,1,18937,16
0,174,22,5,19112,16
0,7,22,3,19120,16
1,74,23,5,19196,16
1,1,21,1,19200,16
0,329,23,6,19530,16
1,3919,24,11,23451,16
1,16,27,3,23469,16
0,6445,27,14,29915,16
1,148,26,9,30065,16
1,8871,28,15,38939,16
0,1,28,1,38941,16
0,1,26,1,38945,16
1,1270,28,14,40216,16
0,2,26,1,40221,16
1,4015,30,16,44238,16
0,1,30,1,44240,16
0,1,30,1,44242,16
0,1,30,1,44246,16
0,1,30,1,44248,16
0,6,30,1,44255,16
1,3,31,1,44260,16
0,13511,31,17,57773,16
1,1010,32,15,58786,16
1,1,31,1,58789,16
0,835,33,16,59625,16
0,54912,36,23,114540,16
0,785,36,18,115327,16
1,6,35,1,115336,16
1,66,34,12,115404,16
0,424,37,13,115829,16
0,2175,36,14,118006,16
0,483,36,12,118490,16
0,601,36,9,119093,16
1,1,36,1,119095,16
1,5,35,1,119102,16
0,8,34,2,119113,16
1,2,33,1,119118,16
0,497,36,11,119618,16
0,237,37,10,119856,16
1,2166,38,14,122023,16
0,1,37,1,122026,16
0,1,37,1,122028,16
1,2,36,1,122032,16
1,1,35,1,122035,16
0,192,37,10,122228,16
1,2,35,1,122233,16
1,56,35,8,122290,16
1,1,36,1,122293,16
0,4,36,2,122299,16
1,11,35,3,122312,16
0,27,37,5,122340,16
1,45,36,6,122387,16
0,18,36,3,122406,16
1,136,38,8,122543,16
0,1,38,1,122545,16
1,80,38,6,122626,16
1,4,39,1,122633,16
1,2,39,1,122639,16
1,1,39,1,122642,16
0,54845,41,23,177488,16
0,1,38,1,177493,16
1,15,39,3,177511,16
0,17032,42,24,194544,16
0,1438,42,15,195983,16
0,100,42,7,196084,16
0,26684,44,25,222770,16
0,18558,44,25,241331,16
0,778,43,15,242111,16
1,2,43,1,242114,16
1,2,43,1,242117,16
0,6326,45,26,248445,16
0,17659,46,24,266105,16
1,1,43,1,266110,16
0,174,45,14,266285,16
0,4,45,1,266290,16
1,2,44,1,266295,16
1,21,43,4,266318,16
0,6754,46,21,273074,16
0,557,46,16,273632,16
0,6,46,2,273639,16
0,439,46,16,274079,16
1,690,45,19,274771,16
0,1,45,1,274773,16
0,1,45,1,274775,16
1,1874,46,20,276650,16
0,1301,46,14,277954,16
0,6342,48,23,284297,16
0,36070,48,31,320368,16
1,11298,47,28,331669,16
0,7938,20,10,7939,17
0,4,17,1,7947,17
0,15,17,2,7963,17
0,26,17,2,7990,17
1,1,16,1,7994,17
1,1,16,1,7996,17
0,48,18,8,8045,17
0,33,19,3,8079,17
0,18,19,4,8098,17
0,100,19,5,8201,17
1,8191,24,13,16395,17
1,8820,26,14,25216,17
1,5820,28,16,31037,17
0,22588,31,18,53629,17
0,3299,31,15,56930,17
0,512,31,15,57443,17
0,4,29,1,57450,17
1,62,30,6,57517,17
0,422,30,11,57940,17
1,6742,32,14,64684,17
1,1656,33,15,66341,17
1,211,32,10,66555,17
0,902,32,12,67458,17
1,8652,35,17,76112,17
0,5879,35,19,81992,17
1,1,34,1,81995,17
0,17,36,3,82014,17
0,2,34,1,82019,17
1,3,36,1,82023,17
1,15,34,3,82042,17
0,1070,34,16,83113,17
1,5144,34,18,88258,17
0,3,32,2,88264,17
1,236,34,12,88502,17
1,3,32,1,88508,17
0,1586,35,18,90096,17
1,38989,39,23,129087,17
0,12218,39,20,141306,17
1,370,39,8,141677,17
1,2,39,1,141680,17
1,1,38,1,141686,17
1,1,38,1,141688,17
0,12,38,3,141702,17
1,5,39,2,141708,17
0,809,40,17,142518,17
1,8,39,2,142528,17
1,1,39,1,142532,17
0,13040,40,23,155573,17
1,16,39,3,155592,17
0,1,39,1,155594,17
0,1,39,1,155596,17
1,5,39,1,155604,17
0,28576,42,26,184182,17
1,3661,43,21,187844,17
0,27,42,2,187873,17
1,1,43,1,187877,17
1,3,43,1,187883,17
0,5701,44,24,193585,17
0,1,44,1,193587,17
0,1,43,1,193592,17
1,18,44,4,193614,17
1,1,44,1,193616,17
0,253,42,10,193872,17
1,2858,43,20,196732,17
1,11579,43,21,208313,17
0,44644,45,28,252958,17
0,58338,45,28,311297,17
1,1098,40,18,312401,17
0,445,43,18,312848,17
1,196,43,14,313045,17
1,1,43,1,313047,17
0,14882,46,29,327931,17
0,1,46,1,327933,17
0,1,46,1,327935,17
0,1,46,1,327937,17
1,6460,20,10,6461,18
0,137,20,9,6599,18
0,2,20,1,6602,18
1,315,21,9,6918,18
0,134,20,6,7054,18
1,213,20,6,7269,18
1,2,20,1,7272,18
1,552,20,7,7825,18
1,6,20,2,7832,18
1,264,20,7,8097,18
1,1,19,1,8103,18
0,908,21,9,9012,18
1,5,22,2,9018,18
0,2466,22,11,11486,18
1,1,22,1,11488,18
0,5641,23,13,17131,18
0,109,23,9,17241,18
0,1,20,1,17253,18
0,4,20,1,17258,18
0,3,20,1,17262,18
0,1,20,1,17266,18
1,345,23,8,17612,18
1,1,23,1,17614,18
0,85,21,5,17707,18
1,19,21,3,17728,18
0,1,20,1,17733,18
1,170,22,9,17904,18
1,1,22,1,17906,18
0,2,24,2,17909,18
0,93,24,8,18004,18
1,3,24,1,18008,18
1,1,23,1,18012,18
0,97,23,6,18110,18
0,391,23,7,18502,18
0,31,22,4,18536,18
0,2,22,1,18539,18
0,40,22,6,18580,18
0,12,22,2,18593,18
1,13,22,2,18607,18
1,40,22,3,18650,18
1,558,25,11,19211,18
0,22,25,2,19234,18
0,909,25,12,20144,18
0,4785,25,13,24930,18
0,1,25,1,24932,18
0,1,25,1,24934,18
0,1,25,1,24936,18
0,1,25,1,24940,18
0,1868,25,11,26811,18
0,2,24,1,26816,18
1,2659,26,13,29476,18
0,795,25,9,30273,18
0,2781,25,11,33055,18
0,1,25,1,33057,18
1,397,26,11,33456,18
1,1,26,1,33460,18
1,3,26,1,33464,18
0,9,27,2,33474,18
1,913,28,11,34388,18
0,388,27,10,34778,18
1,16,26,2,34796,18
0,1,26,1,34800,18
0,1,26,1,34802,18
0,2,26,1,34805,18
0,1,26,1,34807,18
0,8,26,3,34816,18
1,3401,28,15,38219,18
1,6698,29,14,44918,18
1,21,29,2,44940,18
1,35,29,5,44978,18
1,1014,30,15,45994,18
1,197,28,10,46194,18
0,2,28,1,46197,18
1,1823,30,13,48021,18
0,1,30,1,48023,18
1,455,30,13,48480,18
1,2487,30,13,50969,18
0,2,29,1,50974,18
0,9,30,2,50985,18
0,1,29,1,50990,18
0,893,29,11,51885,18
1,4778,31,17,56664,18
0,3784,33,16,60449,18
0,1,32,1,60452,18
1,13338,34,17,73791,18
1,11250,35,17,85042,18
1,108,35,12,85151,18
0,63,34,7,85216,18
0,39,34,4,85256,18
1,17,34,3,85274,18
1,1,34,1,85276,18
0,3055,37,16,88334,18
0,1,36,1,88337,18
0,1,36,1,88339,18
0,974,36,14,89314,18
0,2711,36,17,92026,18
0,11,35,2,92041,18
0,404,36,11,92446,18
0,498,36,11,92945,18
0,1,35,1,92948,18
1,33,34,4,92983,18
1,8541,37,19,101525,18
0,3,37,1,101529,18
0,1210,37,13,102740,18
0,1925,37,18,104667,18
0,7,38,3,104675,18
0,4936,38,16,109612,18
1,3189,38,19,112803,18
1,537,38,13,113341,18
0,83,38,8,113425,18
1,11490,40,22,124917,18
0,1630,41,22,126551,18
1,11815,41,19,138367,18
1,1999,41,18,140367,18
0,8,38,2,140379,18
1,573,40,15,140953,18
0,3,40,1,140957,18
1,628,41,16,141590,18
1,1,41,1,141592,18
1,279,41,12,141872,18
1,136,41,9,142009,18
1,8111,44,19,150122,18
1,1,44,1,150127,18
0,881,44,20,151009,18
1,5066,42,20,156079,18
1,1144,43,18,157224,18
1,1,44,1,157226,18
0,10097,44,22,167324,18
0,1,44,1,167326,18
1,4,42,2,167333,18
0,514,41,16,167849,18
0,1,40,1,167852,18
1,1291,42,19,169144,18
0,1127,42,19,170273,18
0,73,41,8,170348,18
1,16,43,4,170365,18
0,2,43,1,170368,18
1,25636,47,26,196007,18
0,1,45,1,196012,18
1,887,47,21,196900,18
1,3182,46,24,200084,18
0,7933,46,27,208021,18
0,7483,46,27,215505,18
0,1,43,1,215510,18
1,217,45,14,215728,18
1,84,47,6,215814,18
0,10616,46,26,226435,18
1,3821,19,9,3823,19
0,5831,23,13,9656,19
0,4447,23,13,14105,19
0,2,22,1,14109,19
0,3016,23,12,17129,19
0,627,23,10,17758,19
1,2,23,1,17764,19
0,5663,24,14,23428,19
1,1,24,1,23431,19
0,2082,24,11,25514,19
1,2463,25,13,27978,19
0,1,21,1,27984,19
0,7,20,3,27993,19
1,19,21,3,28013,19
0,335,24,8,28352,19
1,5091,27,14,33444,19
0,8,28,1,33454,19
1,24371,32,17,57827,19
0,13408,36,24,71236,19
1,33075,40,22,104313,19
1,2098,40,16,106412,19
1,3,37,2,106419,19
1,952,38,13,107376,19
0,465,40,14,107843,19
0,13782,41,18,121626,19
0,6,41,2,121633,19
0,9891,41,22,131526,19
0,26994,45,26,158522,19
1,1097,45,14,159620,19
0,29358,47,24,188979,19
1,111974,49,29,300956,19
1,2,48,1,300960,19
0,144,44,7,301112,19
1,1,44,1,301118,19
1,1,44,1,301120,19
0,4,44,1,301127,19
0,1,43,1,301130,19
1,1,42,1,301133,19
0,63,40,9,301199,19
0,2199,43,18,303401,19
0,65,47,5,303471,19
0,24967,49,27,328439,19
0,13,48,4,328454,19
1,1,48,1,328458,19
1,3,48,1,328462,19
0,29514,50,28,357979,19
1,15,49,3,357996,19
1,3,48,1,358006,19
1,4,48,2,358011,19
0,5867,51,26,363879,19
0,6151,20,10,6152,20
0,5859,20,10,12012,20
0,923,21,9,12944,20
0,1343,22,10,14288,20
0,4,22,1,14294,20
1,5,23,1,14302,20
0,1361,23,11,15665,20
1,1,20,1,15674,20
0,1022,23,9,16697,20
1,7,24,2,16705,20
1,1,24,1,16707,20
0,751,24,11,17459,20
1,1,24,1,17461,20
1,1,24,1,17463,20
1,165,24,10,17632,20
1,1,24,1,17634,20
1,2,24,1,17637,20
1,3,24,1,17641,20
1,1,24,1,17643,20
1,1,24,1,17645,20
1,1,24,1,17647,20
0,2,23,1,17654,20
0,4,23,1,17659,20
0,157,23,7,17817,20
0,11714,28,15,29534,20
0,1002,28,13,30537,20
0,1,29,1,30540,20
0,2,30,1,30544,20
1,2098,29,13,32644,20
1,33,28,6,32679,20
1,342,28,11,33022,20
0,5,28,2,33028,20
0,869,28,12,33898,20
1,772,29,13,34671,20
0,1,28,1,34674,20
0,3,28,1,34678,20
0,2,27,1,34685,20
0,7,27,2,34693,20
1,1,27,1,34695,20
0,704,29,11,35400,20
0,7,29,2,35410,20
1,151,29,5,35565,20
0,2,26,1,35571,20
1,12,28,3,35585,20
0,5,27,2,35592,20
1,211,29,8,35805,20
1,4,29,1,35810,20
0,11,25,3,35826,20
1,110,29,5,35938,20
0,15,29,3,35954,20
1,2,30,1,35960,20
0,4372,32,16,40333,20
1,1,33,1,40335,20
0,1,32,1,40338,20
1,572,33,13,40911,20
0,18,33,2,40930,20
0,3,33,2,40934,20
0,9,33,2,40944,20
0,2,33,1,40947,20
0,3278,33,14,44226,20
0,140,33,7,44368,20
1,1546,34,15,45916,20
0,4065,34,15,49982,20
0,5,34,1,49988,20
0,13151,36,18,63141,20
0,356,36,10,63498,20
1,1681,36,16,65182,20
0,88,36,9,65271,20
1,4768,36,17,70040,20
1,6791,37,18,76832,20
1,3598,37,14,80432,20
0,1835,37,13,82268,20
1,1395,38,13,83664,20
1,13355,40,18,97020,20
1,32,39,7,97054,20
1,25,39,6,97080,20
0,1,38,1,97083,20
1,98,39,7,97182,20
1,14126,41,19,111311,20
1,44838,45,25,156150,20
1,1613,44,18,157766,20
0,99,44,7,157866,20
1,7,44,2,157874,20
1,1222,44,17,159097,20
0,65291,48,27,224391,20
0,2033,48,18,226425,20
0,2,47,1,226429,20
0,70,47,8,226500,20
0,4716,49,18,231217,20
0,1,49,1,231219,20
1,43922,49,27,275142,20
1,1030,49,23,276173,20
1,15197,51,25,291372,20
1,16971,51,26,308344,20
1,195,50,10,308541,20
0,185,49,13,308728,20
1,18409,51,26,327138,20
1,94356,53,30,421496,20
0,10,18,2,13,21
1,15841,22,12,15858,21
1,2851,23,11,18713,21
0,4039,24,12,22753,21
0,1,22,1,22757,21
0,4,22,1,22762,21
1,1,21,1,22765,21
0,12,22,4,22778,21
0,871,23,9,23651,21
1,3,21,1,23657,21
0,75,23,7,23735,21
0,278,23,9,24017,21
1,11,22,2,24030,21
0,141,24,8,24172,21
1,1177,23,9,25351,21
1,1,25,1,25355,21
1,3211,25,14,28567,21
1,822,25,12,29390,21
1,2310,26,13,31705,21
1,911,26,11,32617,21
1,510,25,12,33129,21
1,1,25,1,33132,21
1,7,24,2,33141,21
1,22,20,4,33168,21
0,15,24,3,33188,21
0,337,24,8,33526,21
0,5005,27,13,38532,21
1,2,27,1,38536,21
1,2,27,1,38539,21
0,3076,28,13,41616,21
1,593,28,10,42210,21
0,1,28,1,42212,21
1,812,29,12,43025,21
0,5378,29,15,48405,21
0,345,29,8,48752,21
1,4,28,1,48760,21
1,8,28,2,48771,21
0,2291,30,14,51067,21
1,12023,32,15,63091,21
1,2,31,1,63095,21
1,536,31,14,63632,21
1,566,31,15,64200,21
0,196,31,11,64397,21
1,1,31,1,64399,21
0,1,31,1,64402,21
1,1,31,1,64409,21
1,835,31,10,65245,21
1,1,27,1,65251,21
1,1,27,1,65254,21
1,1,27,1,65256,21
1,5,27,1,65262,21
0,18,32,4,65285,21
0,270,32,9,65556,21
0,389,31,12,65947,21
1,1,31,1,65949,21
0,12256,33,19,78207,21
1,8,32,3,78217,21
0,83,32,6,78303,21
0,44,33,7,78348,21
1,2205,33,19,80554,21
1,7822,36,19,88377,21
1,265,36,11,88643,21
0,1,36,1,88645,21
1,88,35,7,88736,21
1,21733,37,21,110470,21
1,12287,37,18,122759,21
1,68,37,6,122828,21
0,1,37,1,122830,21
0,4,37,2,122837,21
0,4112,38,16,126950,21
0,429,38,17,127380,21
1,6058,38,18,133440,21
1,8,38,2,133449,21
1,1,37,1,133452,21
1,7,38,3,133461,21
1,578,37,14,134041,21
0,921,37,12,134964,21
1,1,37,1,134966,21
0,961,39,20,135928,21
0,708,38,16,136638,21
0,21778,41,22,158417,21
0,6852,42,22,165270,21
1,28,40,4,165304,21
1,3,42,2,165308,21
1,14045,42,20,179354,21
1,7158,43,25,186513,21
1,2,43,1,186516,21
0,108461,45,29,294978,21
1,18099,45,24,313078,21
0,2300,44,18,315380,21
0,2989,43,20,318372,21
0,773,43,15,319146,21
1,18,42,3,319171,21
0,1,44,1,319173,21
1,10041,46,23,329219,21
0,21107,48,26,350327,21
0,2517,47,22,352846,21
1,1,46,1,352849,21
0,24976,48,24,377826,21
0,8660,48,25,386487,21
1,2,48,1,386490,21
0,23992,49,26,410484,21
0,1,48,1,410487,21
1,2,48,1,410490,21
1,1,48,1,410492,21
1,1,48,1,410498,21
1,1,48,1,410500,21
1,2884,47,17,413386,21
0,1013,48,16,414401,21
1,1,48,1,414403,21
1,1,48,1,414406,21
1,1,48,1,414408,21
0,41608,50,28,456017,21
1,11,48,2,456031,21
0,10,51,3,456042,21
0,4571,19,9,4573,22
1,4172,21,11,8746,22
1,254,20,7,9005,22
1,3,21,1,9009,22
0,561,21,9,9572,22
0,1074,22,10,10647,22
1,2,20,1,10652,22
0,1,19,1,10655,22
0,1,18,1,10658,22
1,280,20,7,10939,22
1,28,20,6,10970,22
1,881,22,10,11852,22
1,2,20,1,11858,22
1,3,20,2,11862,22
1,21,19,5,11885,22
0,412,21,7,12298,22
0,2556,23,10,14855,22
0,1,21,1,14861,22
1,223,21,7,15085,22
0,773,23,9,15869,22
0,6598,25,13,22469,22
1,1,23,1,22473,22
0,393,25,8,22867,22
0,3723,25,12,26591,22
1,7,23,1,26604,22
0,84,25,5,26689,22
1,5,23,1,26697,22
1,1,23,1,26701,22
0,40,24,5,26742,22
0,6,24,3,26750,22
0,53,25,4,26810,22
1,15,25,2,26826,22
0,195,25,6,27022,22
0,1,25,1,27024,22
0,1,25,1,27026,22
0,1332,25,10,28359,22
0,43,25,6,28403,22
0,1,25,1,28405,22
0,1,25,1,28407,22
0,150,25,7,28558,22
0,267,25,6,28826,22
0,44,25,6,28871,22
0,113,25,6,28986,22
0,36,25,4,29025,22
0,1034,27,12,30060,22
0,6,27,1,30067,22
1,17,26,3,30086,22
1,3,27,2,30090,22
1,3000,28,13,33091,22
0,4655,29,14,37747,22
1,721,29,12,38471,22
0,1047,30,15,39520,22
0,3952,31,16,43477,22
1,22575,33,18,66054,22
0,9958,34,17,76013,22
0,1,33,1,76018,22
0,44,33,4,76063,22
0,2429,34,16,78494,22
0,1483,34,17,79979,22
1,207,34,9,80187,22
0,73,33,7,80262,22
0,1,33,1,80264,22
0,1,32,1,80267,22
1,13,34,3,80281,22
0,2,34,1,80284,22
1,407,33,11,80693,22
0,1,33,1,80698,22
1,2,33,1,80701,22
0,1,33,1,80703,22
1,2,33,1,80706,22
1,298,32,12,81006,22
1,4,32,1,81011,22
0,4304,35,17,85318,22
0,225,35,10,85544,22
0,3678,35,16,89223,22
0,4276,35,15,93502,22
0,111,35,7,93615,22
0,3,35,1,93619,22
0,97,35,13,93717,22
0,3,35,2,93721,22
1,1,35,1,93724,22
0,2029,36,16,95756,22
1,14114,38,23,109871,22
1,604,36,15,110482,22
1,10,38,2,110496,22
1,54114,41,25,164611,22
0,2,41,1,164614,22
1,19736,42,25,184351,22
1,43285,43,25,227637,22
1,84249,45,31,311888,22
0,650,45,15,312540,22
0,89341,47,33,401882,22
1,72119,50,31,474002,22
1,14306,21,11,14310,23
0,1890,21,9,16201,23
0,3338,23,13,19541,23
0,12850,27,16,32392,23
0,14,27,2,32407,23
1,1788,29,12,34196,23
0,1,27,1,34208,23
1,86,27,7,34295,23
0,558,28,12,34854,23
1,7228,29,14,42084,23
0,260,27,11,42347,23
1,1,27,1,42349,23
1,117,27,9,42467,23
1,1,26,1,42472,23
0,122,28,9,42597,23
0,3622,30,11,46220,23
1,34,29,4,46256,23
0,1,28,1,46259,23
0,9,27,2,46270,23
0,18,28,3,46289,23
1,789,29,10,47084,23
1,3,29,1,47088,23
0,8048,32,16,55139,23
1,10365,33,17,65505,23
1,13689,35,19,79195,23
0,8,34,3,79207,23
0,199,35,12,79407,23
0,1,33,1,79411,23
1,11230,37,20,90644,23
0,24504,39,24,115149,23
0,4,39,2,115154,23
1,14,39,2,115169,23
0,3886,39,19,119056,23
1,2,40,1,119060,23
0,6375,40,18,125437,23
1,2199,40,18,127637,23
1,110,39,10,127749,23
1,273,40,14,128024,23
1,2,40,1,128027,23
0,16,40,3,128048,23
1,4,40,1,128053,23
1,227,41,12,128283,23
0,992,40,18,129277,23
0,4999,42,21,134277,23
0,24846,43,23,159124,23
0,1,43,1,159126,23
1,9184,44,19,168311,23
1,1584,43,20,169897,23
0,2,43,1,169901,23
1,14,43,3,169916,23
0,24015,46,24,193932,23
1,12,46,1,193945,23
1,19206,46,25,213155,23
1,1021,46,19,214177,23
1,2,46,1,214180,23
1,1468,46,19,215649,23
1,7755,46,23,223406,23
1,6078,48,24,229485,23
0,1,47,1,229488,23
0,2,47,1,229491,23
1,1,47,1,229493,23
1,14,47,3,229508,23
1,1,46,1,229515,23
1,21035,47,27,250552,23
0,3350,48,25,253903,23
1,82098,48,29,336002,23
1,2,48,1,336005,23
1,1569,48,20,337575,23
1,1,48,1,337577,23
1,3,48,1,337581,23
0,678,47,18,338262,23
1,1,20,1,2,24
1,11503,20,10,11506,24
0,1,19,1,11510,24
1,734,21,9,12245,24
0,13,20,3,12262,24
0,3637,22,11,15907,24
0,948,23,12,16856,24
1,436,23,9,17294,24
0,3,23,1,17298,24
1,6401,24,12,23700,24
0,6681,26,13,30382,24
1,302,26,7,30685,24
1,1,26,1,30688,24
1,43,25,5,30735,24
0,169,26,11,30906,24
1,1333,27,14,32241,24
1,1,27,1,32243,24
0,4643,29,12,36887,24
1,90,29,8,36979,24
0,2158,29,12,39138,24
1,1,25,1,39145,24
0,782,27,10,39928,24
1,4,27,2,39937,24
0,45,26,6,39984,24
0,1,26,1,39986,24
1,122,28,7,40109,24
0,1,27,1,40112,24
0,43,27,7,40156,24
1,1,28,1,40158,24
1,759,28,10,40918,24
0,50,28,7,40969,24
0,62,30,8,41032,24
1,784,30,12,41817,24
1,7,28,2,41827,24
1,5,27,1,41835,24
0,5251,32,13,47088,24
1,1,31,1,47091,24
1,2,31,1,47094,24
0,29,29,4,47126,24
1,1,28,1,47131,24
1,1,26,1,47135,24
1,63,26,5,47199,24
0,255,30,9,47457,24
1,206,28,8,47668,24
1,931,30,12,48600,24
1,90,30,6,48693,24
0,1,29,1,48698,24
1,251,30,10,48950,24
0,15921,34,18,64874,24
1,20807,36,19,85682,24
1,111,35,11,85795,24
1,714,34,15,86520,24
1,1,31,1,86525,24
0,526,34,14,87053,24
0,1,34,1,87055,24
1,4,35,2,87060,24
1,3297,34,15,90359,24
1,277,35,14,90637,24
1,1,34,1,90640,24
1,858,34,14,91499,24
1,3545,35,19,95045,24
0,6,35,2,95052,24
0,57,35,6,95110,24
1,1,35,1,95113,24
0,4,35,1,95118,24
0,14,35,2,95133,24
0,6,35,2,95142,24
0,59,34,6,95203,24
1,22148,37,21,117352,24
0,202,36,10,117558,24
0,1170,36,17,118729,24
0,1,37,1,118732,24
0,1,37,1,118734,24
1,4,35,1,118743,24
1,3,34,2,118748,24
0,3357,36,20,122106,24
0,7,36,2,122114,24
1,273,37,12,122388,24
0,2,36,1,122392,24
0,9,36,2,122402,24
0,10447,37,21,132850,24
0,3409,36,19,136261,24
0,4261,37,21,140523,24
0,33239,40,24,173764,24
1,1,40,1,173767,24
0,4,37,2,173776,24
1,6,35,2,173785,24
0,8,36,3,173794,24
1,681,38,14,174476,24
0,3,36,1,174483,24
0,1,36,1,174485,24
1,57,36,5,174544,24
1,310,38,14,174855,24
1,27,36,7,174888,24
0,275,39,22,175164,24
1,1,41,1,175166,24
0,9,41,2,175176,24
1,5,41,2,175182,24
1,3,41,2,175186,24
0,127924,45,26,303112,24
1,2,44,1,303119,24
0,29957,46,26,333077,24
0,63780,48,29,396860,24
0,17,47,3,396880,24
0,4229,48,25,401110,24
1,90684,50,29,491795,24
0,1,48,1,491799,24
1,700,48,15,492500,24
1,11448,21,11,11450,25
0,5541,23,12,16992,25
0,350,23,7,17343,25
1,3025,26,13,20371,25
0,6,25,1,20379,25
1,3,26,1,20383,25
1,719,25,10,21104,25
1,2775,26,12,23880,25
1,18415,29,16,42298,25
0,4,28,1,42304,25
0,1300,27,11,43606,25
0,1190,28,13,44797,25
1,856,28,10,45655,25
0,137,28,9,45793,25
1,40,27,5,45838,25
0,605,28,10,46444,25
0,274,28,8,46720,25
1,4,28,1,46725,25
1,885,29,12,47613,25
1,63,29,8,47677,25
0,2293,29,14,49971,25
1,2450,31,15,52423,25
1,12274,33,18,64698,25
0,1,33,1,64700,25
0,1,33,1,64702,25
0,25,33,3,64728,25
0,1,33,1,64730,25
0,5,33,1,64736,25
0,1,33,1,64738,25
0,3,33,1,64742,25
0,1,33,1,64744,25
1,13331,36,20,78077,25
1,22144,38,21,100223,25
0,811,37,14,101036,25
1,1,38,1,101040,25
0,59300,41,26,160342,25
0,199,40,7,160543,25
0,39,40,8,160583,25
0,151,40,11,160735,25
0,2808,40,21,163544,25
0,43854,43,28,207401,25
1,43858,45,27,251261,25
0,27773,46,29,279036,25
1,58129,49,30,337167,25
1,1,49,1,337169,25
1,1,49,1,337171,25
0,5,20,1,6,26
0,1,20,1,8,26
0,10161,20,10,10170,26
1,1062,20,9,11233,26
1,192,20,9,11427,26
0,468,21,11,11896,26
1,7,19,1,11906,26
1,12,19,2,11919,26
0,574,21,8,12494,26
1,2,19,1,12499,26
0,97,21,7,12597,26
0,1,20,1,12600,26
0,1,20,1,12602,26
1,1036,21,10,13639,26
1,1,20,1,13642,26
0,716,21,8,14359,26
1,5,21,1,14365,26
1,2,20,1,14369,26
0,1026,22,11,15397,26
1,322,21,7,15723,26
0,12,18,2,15739,26
1,2,20,1,15742,26
0,88,20,7,15833,26
0,194,22,9,16030,26
0,8,22,1,16039,26
1,532,23,8,16572,26
1,4837,24,12,21410,26
0,8,25,3,21419,26
1,802,24,11,22225,26
0,1,24,1,22227,26
0,47,24,5,22275,26
0,4268,25,11,26544,26
1,1302,25,9,27848,26
1,678,25,10,28527,26
1,597,25,9,29127,26
1,2118,27,14,31246,26
0,124,26,8,31375,26
1,33,26,3,31410,26
0,1,24,1,31415,26
1,18,24,4,31435,26
0,1,26,1,31438,26
0,1,26,1,31440,26
0,1,26,1,31442,26
1,1,26,1,31445,26
1,85,27,5,31532,26
1,6,27,2,31540,26
1,654,28,13,32195,26
1,4227,29,16,36424,26
0,3525,29,11,39950,26
0,7360,32,18,47311,26
1,760,32,13,48073,26
0,3,32,1,48077,26
0,1,32,1,48086,26
1,1,32,1,48088,26
1,3516,32,16,51605,26
0,12213,35,20,63819,26
1,65,34,4,63888,26
0,1,34,1,63892,26
1,6301,36,17,70194,26
0,1343,38,17,71538,26
1,2,34,1,71546,26
0,205,36,11,71752,26
1,628,37,13,72383,26
1,2,34,1,72389,26
1,1,34,1,72391,26
0,32,36,6,72424,26
0,108,35,9,72534,26
1,269,35,12,72804,26
1,11005,38,19,83813,26
0,2982,39,18,86796,26
0,58536,43,23,145335,26
0,1,43,1,145337,26
1,16838,45,22,162176,26
0,12,45,4,162189,26
1,14,44,2,162205,26
0,45227,45,24,207433,26
1,88,45,12,207522,26
1,1,45,1,207524,26
1,1,45,1,207526,26
1,3,44,1,207531,26
0,1184,45,20,208717,26
1,34,47,4,208752,26
0,2,47,1,208755,26
0,1,47,1,208757,26
0,26180,47,26,234938,26
0,90720,51,29,325659,26
0,8174,20,10,8175,27
0,442,20,9,8618,27
0,666,20,10,9285,27
0,4,20,1,9291,27
0,11,21,3,9303,27
1,156,21,8,9460,27
1,74,21,8,9535,27
1,177,21,8,9713,27
1,3,21,1,9717,27
1,7178,25,14,16898,27
1,1200,25,13,18099,27
1,5016,25,12,23116,27
1,403,25,8,23520,27
1,642,26,11,24164,27
0,390,27,14,24557,27
0,246,27,7,24804,27
1,130,26,5,24936,27
1,3,26,1,24940,27
0,1003,28,13,25945,27
0,158,28,8,26105,27
1,3,28,1,26109,27
0,8561,30,15,34671,27
1,5009,30,15,39681,27
1,4,29,1,39689,27
0,1,29,1,39691,27
1,5,29,2,39697,27
0,7131,31,14,46829,27
1,939,32,13,47769,27
1,122,31,7,47895,27
0,1,32,1,47899,27
0,49,32,6,47951,27
0,7,33,2,47962,27
1,1442,33,15,49405,27
1,1087,33,11,50493,27
0,58449,38,21,108943,27
0,1394,38,15,110338,27
0,1109,38,16,111448,27
0,1614,38,14,113063,27
0,6,38,1,113070,27
1,20096,43,24,133167,27
1,1696,43,22,134864,27
0,36295,44,23,171160,27
1,27,44,4,171188,27
0,13,44,2,171203,27
0,29,45,4,171233,27
0,25406,46,27,196640,27
1,1,45,1,196643,27
0,14968,45,27,211613,27
0,12,46,2,211626,27
0,2,46,1,211631,27
1,1,45,1,211634,27
0,77507,48,30,289144,27
1,2,46,1,289150,27
1,22,46,4,289173,27
0,183983,49,30,473157,27
1,1,47,1,473161,27
1,1,47,1,473163,27
0,6633,49,29,479797,27
1,9749,49,31,489548,27
0,2,48,1,489552,27
0,5,48,1,489558,27
1,6,20,2,7,28
0,11634,21,11,11643,28
1,1,21,1,11645,28
1,1439,20,10,13086,28
1,1,20,1,13088,28
1,334,20,10,13423,28
1,474,20,9,13898,28
0,14,20,2,13913,28
1,2,20,1,13918,28
0,518,22,9,14437,28
1,1426,22,10,15867,28
1,3,22,1,15871,28
1,178,22,7,16050,28
0,5197,25,13,21249,28
1,47,23,7,21299,28
1,3,23,1,21303,28
0,21,22,5,21326,28
1,120,23,6,21448,28
0,27,21,4,21478,28
0,126,23,5,21605,28
0,1081,25,12,22687,28
0,1,25,1,22689,28
1,1,26,1,22691,28
1,1,26,1,22693,28
1,4818,27,13,27515,28
1,59,27,6,27576,28
1,15,27,2,27593,28
0,10,27,2,27604,28
0,1159,28,13,28765,28
0,144,27,11,28911,28
0,15,27,2,28927,28
0,1,27,1,28929,28
1,8838,29,18,37768,28
1,1,23,1,37776,28
0,5,23,2,37782,28
1,7,25,2,37792,28
0,2,25,1,37795,28
1,84,27,11,37882,28
1,8426,29,15,46309,28
0,125,28,5,46436,28
1,1597,30,15,48036,28
1,2,29,1,48040,28
1,277,29,9,48318,28
0,144,29,11,48463,28
1,1577,30,13,50042,28
1,964,31,13,51008,28
1,4587,31,17,55596,28
1,3523,31,16,59120,28
1,1,31,1,59122,28
0,113,29,7,59242,28
0,2819,32,16,62062,28
0,2229,32,15,64292,28
0,2040,32,15,66337,28
0,1707,31,14,68047,28
0,4,33,2,68052,28
0,18236,35,20,86289,28
0,1,33,1,86293,28
0,1,32,1,86296,28
0,2,31,1,86300,28
1,7429,34,17,93731,28
1,2847,33,17,96580,28
1,1,31,1,96584,28
0,16157,35,19,112743,28
0,3285,35,19,116029,28
0,10005,37,22,126035,28
0,69,34,9,126108,28
1,65,34,6,126174,28
0,837,36,17,127013,28
0,5969,36,21,132984,28
1,1,35,1,132988,28
1,645,36,16,133635,28
0,281,36,13,133917,28
1,276,36,11,134196,28
1,7,36,2,134204,28
0,884,36,18,135089,28
0,2,33,1,135095,28
1,13,34,3,135109,28
0,7,35,2,135118,28
1,13,36,3,135133,28
0,22,37,3,135156,28
0,123,37,10,135280,28
0,4385,37,20,139666,28
0,244,37,8,139912,28
0,9,37,3,139922,28
0,1812,36,20,141736,28
1,84,36,11,141821,28
0,2,37,1,141825,28
0,2,35,1,141830,28
1,1,35,1,141832,28
1,1,35,1,141834,28
1,1,35,1,141836,28
1,1,33,1,141840,28
0,2,33,1,141843,28
0,1,33,1,141845,28
1,8,35,2,141856,28
0,46,37,6,141903,28
1,32052,39,22,173956,28
0,47584,40,25,221541,28
0,1,40,1,221543,28
1,522,39,22,222067,28
1,59,40,5,222127,28
0,20,39,3,222149,28
0,68,37,7,222220,28
1,1,38,1,222222,28
0,1,38,1,222224,28
0,7,38,2,222232,28
1,2,37,1,222236,28
0,9233,39,22,231470,28
1,2975,40,20,234446,28
0,2237,39,23,236686,28
1,1,35,1,236692,28
0,1,35,1,236694,28
1,6,32,2,236707,28
1,1,36,1,236714,28
0,66,39,5,236781,28
0,6457,39,22,243241,28
0,5201,39,20,248443,28
0,2747,39,21,251191,28
1,10,38,1,251207,28
0,10768,41,25,261978,28
0,1,41,1,261980,28
0,5665,41,24,267646,28
0,11683,41,26,279330,28
1,135,42,6,279466,28
0,2,42,1,279469,28
1,1,42,1,279471,28
0,60649,44,28,340121,28
1,46581,44,29,386703,28
1,40421,44,29,427125,28
1,7,46,2,427133,28
1,1,19,1,3,29
0,6355,18,8,6360,29
1,50,18,7,6412,29
1,3,18,1,6416,29
0,151,18,7,6568,29
0,48,17,6,6620,29
0,1154,20,9,7775,29
1,15,18,3,7793,29
0,250,18,7,8044,29
1,379,19,7,8425,29
1,1,19,1,8427,29
1,63,17,4,8495,29
1,248,19,7,8744,29
1,1714,20,10,10460,29
0,4589,23,13,15050,29
0,5820,25,12,20871,29
0,4,25,1,20877,29
0,271,25,8,21149,29
1,1,24,1,21153,29
0,3,25,2,21157,29
0,3,25,1,21161,29
1,1917,27,14,23080,29
1,2,27,1,23083,29
0,2253,29,14,25337,29
0,3984,29,14,29325,29
1,53,28,4,29380,29
0,5,27,1,29388,29
0,1,27,1,29390,29
0,490,27,9,29881,29
1,148,26,9,30031,29
1,7,27,2,30039,29
0,273,27,10,30315,29
0,21,27,4,30338,29
0,1,27,1,30340,29
0,5,27,1,30348,29
0,1,27,1,30352,29
1,17,26,5,30371,29
1,1,26,1,30373,29
1,1,25,1,30376,29
0,1143,28,12,31521,29
0,79,27,7,31604,29
0,173,27,8,31778,29
1,40,24,5,31823,29
1,5,24,2,31829,29
1,11,24,3,31841,29
0,1,23,1,31845,29
0,8,23,2,31855,29
1,65,24,5,31921,29
0,2,24,1,31926,29
1,1115,27,11,33042,29
1,893,27,11,33936,29
0,2,27,1,33939,29
1,2299,29,12,36239,29
1,15,30,2,36255,29
0,1,29,1,36258,29
0,612,29,12,36871,29
1,2293,30,14,39165,29
1,3561,30,15,42727,29
1,4,30,2,42734,29
1,463,30,10,43199,29
1,1325,30,15,44525,29
0,2,30,1,44529,29
1,1,30,1,44531,29
1,1,30,1,44533,29
1,271,29,9,44806,29
1,27,28,5,44835,29
0,1,27,1,44840,29
1,650,30,8,45492,29
1,6002,31,17,51495,29
1,134,31,9,51630,29
0,298,31,8,51930,29
0,111,30,10,52044,29
1,2,30,1,52047,29
0,11,30,2,52060,29
0,10,28,2,52073,29
0,5,28,2,52079,29
1,15,29,3,52095,29
0,1,28,1,52098,29
1,5,29,2,52104,29
0,1,29,1,52106,29
0,1,29,1,52108,29
0,2,28,1,52112,29
0,4,28,1,52117,29
0,2,28,1,52120,29
1,14,29,4,52135,29
0,344,30,12,52480,29
1,270,30,9,52751,29
1,11,30,2,52764,29
1,4,30,1,52769,29
1,3,30,1,52773,29
0,674,30,10,53449,29
1,10,30,3,53460,29
1,15,30,3,53476,29
0,992,32,13,54469,29
0,5763,34,14,60233,29
0,131,33,7,60366,29
1,16279,36,19,76646,29
1,12861,37,20,89508,29
0,4,37,1,89513,29
0,4,36,1,89519,29
1,79540,41,26,169060,29
1,40387,43,25,209448,29
1,60,43,5,209510,29
1,3,42,1,209516,29
0,1829,42,16,211346,29
1,4579,42,20,215927,29
1,3,42,1,215931,29
0,2364,42,19,218297,29
0,1,42,1,218304,29
0,1,42,1,218308,29
1,1172,43,19,219481,29
0,9,42,2,219496,29
1,3,42,1,219500,29
0,2,41,1,219504,29
0,29,41,3,219534,29
1,736,43,19,220271,29
1,3,39,1,220282,29
0,262,41,14,220548,29
1,4,41,1,220553,29
0,12807,43,23,233361,29
1,2,43,1,233366,29
1,3,43,1,233370,29
0,4627,43,20,237998,29
0,68,42,10,238070,29
1,167,45,10,238238,29
0,44,46,3,238283,29
0,5,46,2,238289,29
1,31,46,2,238321,29
0,1,45,1,238324,29
0,9,46,2,238335,29
0,15,46,2,238351,29
0,1,46,1,238353,29
0,10,46,2,238364,29
1,207,44,17,238574,29
0,1,44,1,238576,29
1,1,46,1,238580,29
1,5,46,2,238586,29
0,1529,46,17,240116,29
0,22621,48,29,262738,29
1,2,47,1,262744,29
0,65677,49,31,328423,29
1,1,48,1,328427,29
1,7729,20,10,7730,30
1,2283,20,10,10014,30
1,19,19,5,10035,30
0,1,18,1,10038,30
1,9,19,2,10048,30
1,45,19,4,10096,30
1,1123,21,11,11221,30
1,1041,22,11,12263,30
0,4,22,1,12268,30
0,1,22,1,12270,30
1,2630,24,11,14901,30
0,1,23,1,14904,30
1,5326,25,13,20231,30
0,2182,25,11,22414,30
0,2223,26,13,24638,30
0,2,26,1,24641,30
1,4224,27,13,28866,30
0,1,25,1,28870,30
1,35,26,4,28906,30
1,1998,27,13,30907,30
1,1,26,1,30911,30
1,519,27,10,31432,30
0,4,24,2,31440,30
1,812,27,13,32253,30
1,1,22,1,32261,30
0,29,21,4,32292,30
0,1,19,1,32296,30
1,45,22,4,32343,30
0,1,20,1,32347,30
0,7,20,2,32355,30
0,1,20,1,32359,30
1,16,22,3,32376,30
0,1,22,1,32378,30
1,27,25,5,32410,30
0,1,25,1,32412,30
1,61,28,7,32476,30
0,4,28,1,32481,30
1,1,28,1,32483,30
0,101,28,8,32585,30
0,3,26,1,32592,30
1,6,26,1,32599,30
1,8978,30,15,41585,30
1,403,30,13,41989,30
1,22825,32,19,64815,30
1,14806,35,20,79623,30
1,1,33,1,79629,30
0,18465,37,24,98097,30
1,1,36,1,98100,30
1,4,36,1,98106,30
1,1,36,1,98108,30
1,623,36,12,98732,30
1,13310,39,22,112043,30
1,1,38,1,112046,30
0,1,37,1,112051,30
1,36,37,6,112090,30
1,19,38,3,112112,30
1,4,37,1,112118,30
0,118,39,8,112237,30
1,231,39,15,112469,30
1,14,37,3,112489,30
1,9,39,2,112500,30
1,35846,42,26,148348,30
1,90091,44,28,238441,30
1,1668,44,24,240110,30
0,1,44,1,240112,30
1,829,44,16,240944,30
1,62866,47,28,303813,30
0,1,47,1,303816,30
1,34,47,5,303851,30
1,1,47,1,303853,30
1,2,47,1,303856,30
0,7053,48,26,310910,30
1,6888,48,23,317799,30
1,1159,48,19,318961,30
0,69733,50,31,388695,30
0,5723,17,7,5729,31
0,53,17,6,5784,31
1,31,17,4,5816,31
1,1,17,1,5818,31
1,4,17,1,5823,31
0,1395,19,8,7219,31
0,4288,20,10,11508,31
1,10,18,2,11523,31
1,50,17,7,11575,31
0,30,17,4,11606,31
1,3,17,1,11610,31
0,3989,23,12,15603,31
1,1,23,1,15605,31
0,81,24,8,15691,31
0,16207,27,16,31899,31
0,1,24,1,31904,31
1,613,26,12,32522,31
0,2,25,1,32526,31
1,2,25,1,32530,31
0,102,26,7,32635,31
1,1,26,1,32637,31
0,1046,26,11,33684,31
1,2,26,1,33689,31
0,1,26,1,33691,31
1,1,26,1,33693,31
1,1,25,1,33696,31
1,1,23,1,33700,31
0,2,24,1,33703,31
1,27,26,3,33731,31
1,2,24,1,33737,31
0,2,24,1,33740,31
0,2,24,1,33743,31
0,2,24,1,33746,31
1,119,26,5,33866,31
1,4,26,1,33871,31
0,208,28,8,34080,31
0,11902,31,16,45984,31
0,5323,32,18,51310,31
0,3948,33,18,55260,31
0,1,31,1,55264,31
1,3,31,1,55268,31
0,1,32,1,55271,31
1,10876,34,18,66149,31
1,3368,34,18,69518,31
1,1418,34,15,70937,31
1,9795,36,18,80733,31
1,24437,38,21,105171,31
1,2,35,1,105177,31
1,1,33,1,105181,31
0,1,32,1,105184,31
0,2,32,1,105187,31
0,6,31,1,105197,31
0,12,32,2,105211,31
0,9,33,2,105222,31
0,1,34,1,105225,31
0,1,34,1,105227,31
1,2260,37,20,107489,31
0,1071,38,14,108561,31
0,1,38,1,108563,31
1,157,37,8,108722,31
0,22860,38,23,131584,31
1,30629,41,25,162214,31
1,3714,39,20,165931,31
1,5752,40,19,171685,31
1,80418,44,29,252104,31
1,1,40,1,252111,31
0,1,41,1,252113,31
1,365,42,17,252479,31
1,1,42,1,252481,31
0,3964,44,24,256447,31
0,13,43,4,256462,31
1,6845,44,25,263318,31
1,83462,46,29,346782,31
0,23,46,4,346806,31
0,19,47,3,346826,31
1,97270,50,33,444098,31
0,3,49,1,444103,31
0,1,49,1,444106,31
0,3,49,2,444110,31
0,6930,19,9,6932,32
1,8305,23,13,15239,32
0,11,23,2,15251,32
0,11869,26,15,27121,32
1,6,26,1,27128,32
0,11790,29,17,38921,32
1,14545,33,19,53467,32
1,3,33,1,53471,32
0,479,31,12,53953,32
1,3377,33,16,57332,32
1,1157,33,14,58490,32
1,93,33,10,58584,32
0,3738,33,15,62323,32
1,4,30,2,62333,32
0,20,30,4,62354,32
0,28,31,6,62386,32
0,1,32,1,62388,32
0,4,32,2,62393,32
0,52,31,6,62449,32
1,1,29,1,62453,32
0,70,31,5,62524,32
1,987,31,16,63513,32
1,4153,32,17,67668,32
0,11,31,3,67681,32
1,2,31,1,67684,32
0,334,33,12,68019,32
0,2616,34,16,70638,32
0,94,34,8,70733,32
0,3,34,1,70737,32
1,6356,36,19,77094,32
0,44,34,5,77143,32
0,1,34,1,77146,32
0,1,33,1,77149,32
1,34,34,6,77185,32
1,2,34,1,77189,32
0,80,34,5,77270,32
1,2,34,1,77274,32
0,1,34,1,77277,32
1,6924,38,19,84204,32
1,17411,40,22,101617,32
0,9829,40,16,111448,32
1,2,40,1,111451,32
1,1,40,1,111453,32
1,1,38,1,111460,32
1,314,38,11,111776,32
0,37,39,8,111815,32
0,1,40,1,111819,32
1,12502,43,23,124326,32
1,31186,46,25,155514,32
1,6,44,2,155523,32
1,5,44,1,155529,32
1,2225,44,20,157755,32
1,1,45,1,157758,32
1,3,44,1,157765,32
0,48648,48,25,206414,32
0,7,47,2,206423,32
1,10247,48,20,216671,32
1,251,48,15,216923,32
1,3,48,1,216927,32
1,1,48,1,216929,32
0,26214,50,25,243144,32
1,5,50,2,243150,32
0,23964,52,28,267116,32
1,1,17,1,7,33
0,1776,16,6,1785,33
0,136,15,5,1928,33
1,164,15,5,2093,33
1,221,14,4,2316,33
1,16,14,3,2333,33
0,1,14,1,2335,33
1,6153,19,9,8493,33
1,2,18,1,8500,33
1,2,18,1,8504,33
1,4,18,2,8509,33
0,25,17,5,8536,33
0,50,17,2,8587,33
1,27,17,2,8616,33
0,72,20,8,8689,33
0,1,18,1,8693,33
0,1,17,1,8696,33
1,1,16,1,8699,33
0,27,19,3,8729,33
1,66,19,4,8797,33
0,40,19,5,8838,33
0,771,19,7,9610,33
1,2,15,1,9620,33
0,3,17,2,9624,33
0,7,17,1,9634,33
1,2,15,1,9639,33
1,2,15,1,9644,33
1,1,16,1,9647,33
1,1,16,1,9649,33
0,27,18,4,9677,33
0,341,19,9,10019,33
0,118,19,7,10139,33
1,1631,21,9,11771,33
1,1,20,1,11774,33
0,2069,22,10,13844,33
1,200,21,8,14046,33
1,1,20,1,14049,33
0,4,20,1,14054,33
0,8,20,2,14063,33
0,1,20,1,14065,33
0,2,20,1,14068,33
0,2,20,1,14071,33
0,1,20,1,14073,33
1,1,17,1,14080,33
0,6,18,2,14087,33
1,5,18,1,14093,33
0,16,20,3,14110,33
1,141,22,6,14252,33
0,2933,23,11,17186,33
0,338,23,7,17527,33
0,44,22,4,17573,33
0,411,23,10,17986,33
0,1,22,1,17989,33
1,31,21,3,18024,33
0,14,20,2,18041,33
1,237,23,7,18279,33
1,2097,25,11,20377,33
0,6382,27,14,26760,33
1,295,26,8,27057,33
0,15441,30,16,42499,33
1,74,27,5,42577,33
0,122,27,5,42701,33
0,13,28,3,42715,33
0,14821,31,15,57537,33
1,80,31,8,57619,33
0,2848,31,12,60468,33
1,16,30,5,60486,33
0,23,32,3,60510,33
1,1,31,1,60514,33
0,376,33,12,60891,33
1,2,32,1,60895,33
1,2,32,1,60899,33
0,1583,34,15,62483,33
0,465,33,11,62950,33
0,28729,36,18,91681,33
0,637,37,16,92319,33
0,24182,40,22,116502,33
1,3242,40,19,119748,33
1,5012,40,19,124761,33
1,6,40,2,124769,33
0,2,40,1,124774,33
0,1304,40,19,126079,33
1,659,40,20,126739,33
0,5049,40,21,131789,33
0,3318,40,19,135113,33
1,4,39,1,135119,33
1,1,39,1,135121,33
1,9,39,2,135131,33
0,117,38,8,135250,33
1,8,38,2,135259,33
1,1,37,1,135262,33
0,51,36,6,135316,33
0,51,37,5,135368,33
1,1,37,1,135370,33
0,314,40,14,135688,33
0,2563,40,18,138253,33
1,773,40,19,139031,33
0,1,40,1,139033,33
1,35638,44,25,174674,33
0,127,43,9,174803,33
0,100094,46,29,274899,33
1,55,46,8,274955,33
1,1,45,1,274958,33
0,22,46,4,274981,33
0,141432,48,31,416414,33
1,1,47,1,416417,33
0,1,46,1,416420,33
0,7893,20,10,7894,34
1,18287,25,15,26186,34
1,11,23,3,26200,34
0,1,22,1,26204,34
0,16,21,2,26222,34
0,1,24,1,26225,34
1,955,24,14,27181,34
1,4,23,2,27187,34
0,1736,25,13,28925,34
1,5,26,2,28931,34
0,2872,26,13,31804,34
0,7,26,2,31813,34
0,216,26,10,32030,34
0,67,26,6,32098,34
0,1,26,1,32100,34
0,34,26,4,32135,34
0,1,24,1,32139,34
1,5,25,3,32145,34
1,1,24,1,32148,34
0,2027,27,13,34177,34
0,16,29,4,34194,34
0,16,31,3,34211,34
0,35028,33,20,69240,34
1,368,32,7,69612,34
0,14,30,3,69629,34
0,27,32,5,69657,34
0,162,33,9,69820,34
1,12774,36,18,82595,34
0,468,34,10,83066,34
1,106,33,8,83174,34
1,4777,36,18,87954,34
1,12,36,3,87967,34
1,2537,38,14,90505,34
1,5753,38,17,96259,34
1,10,39,2,96271,34
1,53927,43,25,150200,34
1,3,42,1,150205,34
1,2,42,1,150208,34
0,2,42,1,150212,34
1,16523,42,22,166736,34
1,9,43,2,166747,34
1,1,42,1,166750,34
1,3,42,1,166754,34
0,25,41,3,166781,34
1,922,41,13,167705,34
0,1,41,1,167707,34
1,10886,42,23,178594,34
0,1080,41,14,179676,34
0,3,41,1,179680,34
0,1,41,1,179682,34
0,1,40,1,179685,34
1,2784,42,22,182471,34
1,15623,44,26,198095,34
0,1,46,1,198099,34
0,1,46,1,198101,34
1,210785,48,33,408888,34
0,5,50,2,408899,34
0,78030,50,32,486930,34
1,287,50,14,487220,34
1,8012,19,9,8014,35
0,2938,21,11,10953,35
0,179,18,6,11136,35
0,61,18,4,11198,35
0,2,19,1,11202,35
1,2,19,1,11205,35
0,273,19,8,11479,35
0,123,18,7,11604,35
1,6,17,1,11612,35
1,1,17,1,11614,35
1,1,17,1,11616,35
0,1,18,1,11620,35
0,1,18,1,11622,35
0,1,18,1,11624,35
1,71,18,5,11696,35
0,1441,21,10,13140,35
1,1,21,1,13142,35
0,5896,25,14,19041,35
0,2,25,1,19044,35
1,5905,25,13,24950,35
1,4,25,1,24955,35
1,19,25,3,24978,35
0,3,25,1,24984,35
1,494,25,12,25479,35
1,789,25,9,26270,35
0,700,25,10,26971,35
0,1,25,1,26973,35
1,794,24,11,27770,35
1,5973,28,16,33746,35
1,1,28,1,33750,35
0,6,28,1,33762,35
1,1,28,1,33764,35
1,6478,29,15,40244,35
1,1665,28,11,41911,35
1,1,28,1,41913,35
0,591,30,13,42505,35
1,1,28,1,42511,35
1,2,27,1,42515,35
0,1,28,1,42519,35
1,1656,30,13,44176,35
0,199,31,11,44378,35
0,3921,31,14,48300,35
0,19191,34,19,67492,35
0,15590,37,19,83087,35
0,1994,38,15,85082,35
1,25856,40,20,110940,35
1,1,40,1,110943,35
0,1,38,1,110947,35
1,1577,39,15,112526,35
0,6,37,2,112535,35
1,40,37,5,112577,35
1,1617,39,12,114195,35
0,65,38,7,114266,35
0,2,39,1,114270,35
0,3,39,1,114275,35
1,1,39,1,114277,35
1,4,39,1,114282,35
0,654,39,12,114938,35
0,3474,40,17,118413,35
1,1,40,1,118416,35
1,155,39,6,118573,35
1,4808,40,18,123382,35
0,9272,42,18,132655,35
1,131,41,16,132788,35
1,2176,43,18,134965,35
0,3,44,1,134969,35
1,1,44,1,134972,35
0,8911,45,20,143884,35
0,1,45,1,143886,35
0,2188,45,20,146075,35
1,2,45,1,146078,35
0,13431,45,20,159511,35
1,1,45,1,159513,35
0,947,45,16,160464,35
1,3682,45,23,164147,35
0,136417,49,31,300566,35
0,2951,49,26,303518,35
1,7953,19,9,7955,36
1,32,19,3,7988,36
0,3,20,1,7993,36
1,13,23,3,8007,36
0,1,22,1,8010,36
1,1295,22,11,9306,36
0,2364,22,11,11673,36
1,4,21,2,11681,36
1,2,20,1,11688,36
1,1,19,1,11691,36
0,1,18,1,11694,36
1,30,20,6,11725,36
1,2,20,1,11728,36
0,3,19,1,11733,36
1,9,19,3,11743,36
0,13,20,2,11757,36
1,1,20,1,11759,36
1,1,20,1,11761,36
0,7,23,3,11770,36
0,655,24,13,12426,36
0,19790,27,16,32218,36
0,284,27,9,32503,36
1,1262,28,13,33768,36
1,299,28,12,34068,36
1,215,27,11,34285,36
0,3,27,1,34289,36
1,1018,28,11,35310,36
0,2,27,1,35314,36
0,1,27,1,35316,36
1,8599,30,19,43918,36
0,4971,31,14,48891,36
0,2,30,1,48896,36
1,1,30,1,48900,36
1,48,30,4,48951,36
1,23,30,7,48976,36
0,1,30,1,48980,36
1,1,30,1,48982,36
1,2,30,1,48985,36
1,216,30,9,49203,36
1,57,31,7,49264,36
0,17,31,3,49284,36
1,114,30,10,49400,36
1,2,30,1,49405,36
1,2,31,1,49409,36
1,2,31,1,49412,36
0,6790,33,13,56203,36
1,93,33,6,56297,36
1,145,33,9,56443,36
1,316,33,9,56760,36
0,8973,35,16,65735,36
1,460,35,10,66196,36
0,2,34,1,66200,36
1,10,35,4,66211,36
1,279,34,11,66492,36
0,17024,37,17,83518,36
1,1,37,1,83520,36
1,156,37,8,83677,36
0,1,37,1,83681,36
0,1,37,1,83683,36
1,198,37,12,83882,36
1,16,36,3,83900,36
1,3,35,1,83905,36
0,6,36,2,83918,36
1,1,35,1,83922,36
1,19,35,3,83942,36
1,1,35,1,83944,36
0,482,38,17,84427,36
0,2078,39,13,86506,36
1,92,39,9,86599,36
0,3,40,2,86604,36
1,1,40,1,86606,36
0,7150,40,17,93757,36
1,4671,40,16,98431,36
0,5256,42,18,103688,36
0,4,42,1,103695,36
0,8,42,1,103704,36
0,1,42,1,103706,36
1,2,41,1,103711,36
0,397,43,17,104109,36
0,1451,42,15,105562,36
0,2344,43,19,107909,36
1,1,43,1,107911,36
1,1,43,1,107913,36
0,1885,43,14,109800,36
0,5015,44,17,114816,36
0,14138,45,18,128957,36
0,777,46,18,129735,36
0,7,44,2,129745,36
0,3076,46,21,132823,36
1,2103,46,18,134927,36
1,2,46,1,134930,36
1,389,46,14,135320,36
1,13,46,3,135334,36
1,2,46,1,135337,36
1,1,46,1,135339,36
1,1,46,1,135341,36
1,170,46,9,135512,36
1,1,46,1,135514,36
1,1,46,1,135517,36
0,18816,47,22,154334,36
0,18,47,3,154353,36
0,3597,47,22,157951,36
0,956,47,12,158908,36
0,36,47,4,158945,36
0,1402,47,13,160348,36
0,131,47,7,160480,36
1,223,46,7,160705,36
0,1421,50,19,162127,36
1,1,50,1,162129,36
0,2,50,1,162132,36
1,1,50,1,162134,36
1,1,50,1,162136,36
0,80996,51,30,243133,36
1,4610,51,25,247744,36
1,32538,51,27,280283,36
1,10383,51,25,290668,36
1,1,49,1,290672,36
0,20088,51,24,310761,36
0,1,51,1,310763,36
1,83222,53,27,393987,36
1,3,53,1,393991,36
0,1,53,1,393995,36
1,1,53,1,393997,36
0,408,52,15,394408,36
1,6,52,2,394415,36
0,1,49,1,394422,36
1,6,48,2,394432,36
0,35,52,6,394469,36
1,1010,52,20,395483,36
1,3,53,1,395487,36
0,12407,53,21,407895,36
0,15,55,2,407911,36
1,1471,55,22,409383,36
1,3,54,1,409388,36
1,1,54,1,409390,36
1,1,54,1,409392,36
0,1,55,1,409400,36
1,34032,55,30,443433,36
1,1,55,1,443435,36
1,5321,18,8,5324,37
0,250,18,6,5575,37
1,7,17,2,5584,37
1,4,16,2,5591,37
0,7,17,2,5599,37
0,1,17,1,5601,37
1,722,19,9,6324,37
0,1490,19,9,7815,37
0,22,19,4,7838,37
1,4493,23,12,12335,37
0,1,23,1,12337,37
0,2,23,1,12340,37
1,3121,25,13,15462,37
0,7,25,3,15470,37
0,3,24,1,15475,37
0,2,24,1,15478,37
1,5176,26,13,20655,37
1,4801,26,11,25457,37
0,440,25,12,25899,37
1,12,25,3,25912,37
0,2749,27,13,28662,37
1,1,26,1,28665,37
1,3,26,1,28669,37
0,2053,26,12,30723,37
0,11319,29,15,42045,37
0,5890,30,15,47937,37
1,2034,30,14,49972,37
1,253,29,8,50227,37
0,7692,32,15,57920,37
0,1,32,1,57922,37
1,5347,34,17,63270,37
1,7179,33,17,70452,37
1,20952,36,20,91407,37
0,1,34,1,91413,37
1,941,37,15,92357,37
1,16104,37,21,108464,37
0,518,37,16,108985,37
1,8101,37,19,117087,37
1,20,37,5,117108,37
1,4,34,2,117116,37
0,24,36,4,117141,37
0,70,36,6,117212,37
1,24,36,4,117237,37
1,32,37,6,117270,37
1,1,29,1,117280,37
0,97,32,11,117379,37
1,8,32,3,117388,37
1,2,32,1,117394,37
0,9,34,2,117404,37
1,713,36,12,118118,37
1,155,36,5,118274,37
0,2,35,1,118278,37
1,12,37,4,118291,37
1,311,37,10,118604,37
1,5,39,2,118610,37
0,17322,40,23,135933,37
0,38,40,6,135972,37
1,116,38,8,136093,37
0,1,39,1,136095,37
0,6,39,2,136102,37
1,10239,40,22,146342,37
1,1,39,1,146345,37
0,19443,41,21,165789,37
1,3982,41,18,169772,37
1,131,41,8,169904,37
1,1,41,1,169906,37
0,126031,45,29,295939,37
0,87354,47,31,383294,37
0,6213,47,30,389508,37
1,7981,20,10,7982,38
0,228,19,8,8214,38
0,1,19,1,8216,38
0,4,19,2,8222,38
0,1,18,1,8229,38
0,1,18,1,8231,38
1,2512,21,11,10745,38
1,284,20,8,11032,38
0,2,21,1,11036,38
0,1,19,1,11042,38
0,139,19,6,11184,38
1,1309,21,11,12494,38
0,337,21,10,12832,38
0,2,21,1,12835,38
0,1,21,1,12837,38
1,12,20,4,12851,38
0,17,18,3,12872,38
0,2,18,1,12875,38
1,75,19,7,12956,38
0,165,21,9,13124,38
0,414,21,11,13540,38
1,1,21,1,13542,38
0,1,19,1,13547,38
1,17,19,4,13565,38
1,23,19,4,13589,38
0,2,19,1,13592,38
1,39,19,5,13632,38
1,15,19,3,13648,38
0,1512,21,10,15161,38
1,542,21,10,15705,38
1,119,22,6,15832,38
1,1,21,1,15836,38
0,3,21,1,15840,38
1,1,21,1,15842,38
1,3,21,1,15846,38
1,601,22,9,16449,38
1,1,20,1,16453,38
1,29,19,4,16486,38
1,133,22,9,16620,38
0,1,22,1,16622,38
0,1,22,1,16624,38
1,1,22,1,16627,38
1,21,21,6,16651,38
0,1,19,1,16658,38
0,1,18,1,16661,38
0,1,18,1,16663,38
0,1,19,1,16666,38
1,343,23,6,17012,38
0,21,22,5,17035,38
1,105,22,9,17141,38
0,382,22,10,17524,38
0,13,22,2,17543,38
1,2536,24,11,20082,38
1,18702,30,20,38788,38
1,1,30,1,38790,38
1,1,30,1,38792,38
1,1,29,1,38795,38
0,155,29,5,38952,38
0,208,29,14,39162,38
1,1,29,1,39164,38
0,255,30,14,39420,38
0,766,29,13,40190,38
0,101,29,7,40292,38
1,1,29,1,40295,38
1,1,30,1,40298,38
0,31,29,3,40331,38
1,2,29,1,40334,38
0,16,31,2,40351,38
1,5,30,2,40358,38
0,448,29,12,40808,38
1,1,29,1,40810,38
0,84,29,4,40896,38
0,1,31,1,40903,38
0,2,30,1,40907,38
1,9098,32,18,50007,38
0,8016,33,17,58024,38
1,369,33,16,58394,38
0,14275,35,18,72671,38
1,24238,36,20,96910,38
1,123,35,11,97035,38
1,60,36,7,97096,38
1,35,37,6,97132,38
1,60,37,9,97197,38
0,449,36,10,97648,38
1,438,38,13,98087,38
1,1,37,1,98090,38
0,1511,38,16,99603,38
0,20642,40,21,120250,38
0,351,39,10,120603,38
0,1354,39,14,121960,38
1,7,40,2,121968,38
0,5,39,2,121975,38
1,2659,41,17,124636,38
0,196,40,13,124834,38
1,8,39,1,124844,38
1,1,39,1,124846,38
0,4,37,1,124855,38
1,96,39,8,124952,38
0,3,35,2,124960,38
1,1,35,1,124963,38
1,1,35,1,124965,38
0,75,37,6,125041,38
0,4,37,1,125046,38
1,6,39,2,125053,38
0,1,38,1,125057,38
0,2,38,1,125060,38
1,1641,40,16,126702,38
0,1,40,1,126704,38
0,1,38,1,126708,38
0,187,38,11,126896,38
0,1,38,1,126898,38
1,29,39,3,126928,38
0,169,39,12,127098,38
0,1,39,1,127100,38
0,3333,39,20,130434,38
1,10,41,3,130445,38
0,3,40,1,130450,38
0,2406,40,21,132857,38
1,2,40,1,132860,38
0,2,40,1,132863,38
1,3177,40,20,136042,38
0,2,40,1,136045,38
1,63798,43,25,199844,38
0,1113,44,16,200958,38
0,4,43,2,200964,38
0,7,43,2,200973,38
0,2042,43,18,203016,38
1,4,43,2,203024,38
0,6,44,2,203032,38
1,8855,44,28,211889,38
1,1,44,1,211891,38
1,1150,43,22,213043,38
1,33733,44,27,246777,38
0,3,46,2,246781,38
1,1,46,1,246783,38
1,20292,45,25,267077,38
1,352,44,13,267431,38
0,2,43,1,267437,38
1,1604,43,20,269042,38
0,1,43,1,269044,38
1,2,43,1,269048,38
1,1,42,1,269051,38
1,1,42,1,269053,38
0,1,42,1,269055,38
1,4,42,2,269061,38
0,1,42,1,269063,38
1,551,43,19,269615,38
1,139076,49,30,408698,38
0,1,47,1,408702,38
0,1,47,1,408704,38
0,130,45,8,408837,38
0,812,45,19,409650,38
1,497,44,19,410149,38
0,1,44,1,410151,38
1,804,46,15,410958,38
1,392,48,14,411351,38
0,4010,48,26,415362,38
0,1,48,1,415364,38
0,3,48,1,415368,38
0,1,48,1,415370,38
0,57971,50,29,473344,38
1,1,50,1,473346,38
1,6,48,1,473355,38
1,3,48,1,473359,38
0,1,46,1,473363,38
1,71,48,9,473436,38
0,2442,49,19,475880,38
1,1,49,1,475882,38
0,10769,20,10,10770,39
0,2730,21,10,13501,39
0,1,20,1,13504,39
1,17,19,2,13523,39
0,1109,22,12,14633,39
1,4,22,1,14638,39
1,26,22,6,14665,39
1,2,23,1,14670,39
0,1278,23,11,15950,39
0,883,23,10,16834,39
0,12777,26,15,29613,39
0,1,26,1,29615,39
0,1,27,1,29618,39
1,3,28,1,29622,39
0,2,27,1,29626,39
1,2,28,1,29629,39
1,3352,28,13,32982,39
0,23913,29,16,56897,39
1,4,29,1,56902,39
1,1,27,1,56906,39
0,112,28,10,57019,39
0,1279,29,13,58299,39
1,799,28,10,59103,39
0,1,29,1,59106,39
0,1,29,1,59108,39
1,876,29,14,59985,39
0,625,29,13,60612,39
0,12300,32,18,72915,39
1,1,30,1,72919,39
0,1060,32,16,73980,39
0,1135,33,13,75116,39
1,9846,35,16,84963,39
0,4211,35,16,89176,39
0,13188,37,18,102365,39
0,228,37,7,102594,39
0,1471,38,13,104068,39
1,29,38,5,104098,39
1,1,38,1,104100,39
0,1869,38,18,105971,39
0,6302,40,17,112276,39
1,6,39,2,112284,39
0,38630,44,25,150917,39
0,576,44,20,151495,39
1,1,44,1,151497,39
1,1,44,1,151499,39
1,1,45,1,151502,39
0,10201,46,23,161706,39
1,506,42,14,162219,39
1,1,41,1,162222,39
0,1507,43,16,163730,39
1,3337,44,17,167068,39
1,1,44,1,167070,39
1,20,43,4,167094,39
1,6,41,1,167103,39
0,1056,43,16,168160,39
1,204,42,15,168366,39
0,3077,45,20,171445,39
1,1,46,1,171448,39
1,2,46,1,171455,39
0,6,45,2,171463,39
1,206,42,13,171674,39
0,63,41,8,171739,39
0,42,44,5,171783,39
0,1265,45,17,173049,39
0,18,44,2,173069,39
0,1193,46,19,174263,39
1,3,45,1,174268,39
0,210,44,14,174480,39
1,2426,44,21,176907,39
1,843,43,16,177752,39
0,426,45,13,178179,39
0,59740,47,26,237921,39
0,1,47,1,237925,39
0,2,47,1,237928,39
1,6455,47,22,244385,39
0,1,46,1,244390,39
1,3619,46,21,248010,39
1,6,45,1,248018,39
0,6821,48,23,254842,39
0,1,48,1,254844,39
1,5399,50,24,260244,39
1,5921,49,25,266167,39
0,84158,51,29,350326,39
0,1,50,1,350329,39
1,83899,52,32,434231,39
0,1,47,1,434238,39
1,1929,46,24,436171,39
0,6924,49,26,443098,39
0,5339,50,25,448443,39
0,8165,20,10,8166,40
1,2,20,1,8169,40
0,554,19,7,8727,40
0,1438,20,10,10166,40
1,2,20,1,10169,40
1,4,19,2,10175,40
1,66,19,4,10242,40
0,369,21,10,10612,40
1,1,21,1,10614,40
0,10,17,3,10631,40
1,4,16,2,10637,40
0,8,16,2,10651,40
1,28,17,3,10683,40
1,107,19,6,10791,40
1,657,21,10,11449,40
1,1855,21,11,13305,40
1,287,21,9,13593,40
1,1,21,1,13595,40
0,1,21,1,13597,40
1,201,21,8,13799,40
0,304,21,7,14105,40
0,1,20,1,14111,40
1,1010,24,10,15126,40
0,2975,24,12,18102,40
1,10,24,3,18113,40
1,584,24,11,18698,40
0,25,24,4,18724,40
0,1238,24,12,19963,40
0,3,24,1,19968,40
0,3,23,1,19973,40
1,1149,26,12,21123,40
0,3,25,1,21128,40
1,14,25,4,21144,40
1,246,25,9,21392,40
1,21363,29,16,42756,40
0,1191,29,13,43948,40
1,11938,32,18,55891,40
0,38905,36,21,94800,40
0,2,36,1,94803,40
1,1465,37,16,96271,40
1,34660,39,22,130932,40
1,2,39,1,130935,40
0,19181,41,24,150121,40
1,94429,42,27,244553,40
1,13,41,3,244570,40
0,1,41,1,244572,40
0,2,41,1,244575,40
1,3002,41,19,247578,40
1,4,41,1,247583,40
0,5577,43,24,253161,40
0,1369,44,22,254538,40
0,3425,42,20,257970,40
0,16186,45,25,274158,40
0,87131,47,31,361291,40
0,38492,47,33,399786,40
1,34098,46,29,433886,40
0,4348,46,27,438236,40
1,5,46,1,438242,40
0,20767,48,31,459011,40
1,6309,46,28,465323,40
1,53,46,6,465381,40
0,2,45,1,465385,40
0,1,44,1,465388,40
1,3021,46,28,468411,40
0,1008,46,18,469420,40
0,463,44,25,469886,40
0,1,43,1,469890,40
1,2,20,1,3,41
0,23738,23,13,23746,41
0,757,23,11,24506,41
1,2,22,1,24511,41
0,745,24,10,25257,41
0,36,23,6,25295,41
0,1,23,1,25297,41
1,43,21,5,25344,41
0,707,23,12,26052,41
0,475,23,8,26528,41
0,2124,25,12,28653,41
0,1798,25,11,30452,41
0,117,25,6,30570,41
0,267,26,7,30838,41
1,126,26,7,30965,41
0,1,24,1,30970,41
1,13821,28,16,44794,41
1,4,28,2,44799,41
1,5,28,2,44806,41
1,321,28,7,45129,41
0,2663,29,13,47793,41
0,3407,29,13,51202,41
0,4,28,2,51208,41
0,27,26,6,51238,41
0,19,26,3,51258,41
1,1,25,1,51261,41
1,1,25,1,51265,41
1,1,24,1,51269,41
0,40,28,6,51312,41
1,969,29,10,52282,41
1,14467,32,17,66750,41
0,3079,33,14,69830,41
1,8,32,2,69844,41
0,24403,36,19,94250,41
0,564,35,11,94817,41
0,15536,39,23,110355,41
0,1,37,1,110359,41
1,1309,35,12,111671,41
1,30,35,6,111702,41
1,6,34,1,111710,41
0,15,34,3,111727,41
1,2442,37,16,114170,41
1,521,37,15,114695,41
1,1,35,1,114699,41
0,319,37,13,115019,41
0,99,38,11,115119,41
0,423,37,12,115544,41
1,198,37,11,115743,41
0,1094,37,11,116838,41
1,11,36,2,116852,41
1,1,36,1,116854,41
1,1,35,1,116857,41
0,5050,39,17,121912,41
1,1974,39,17,123887,41
1,24,39,4,123912,41
1,1,39,1,123914,41
0,1,39,1,123917,41
1,113,39,9,124031,41
1,1,38,1,124034,41
1,11,36,3,124048,41
0,30,38,5,124088,41
1,14,38,3,124103,41
0,29155,42,22,153259,41
1,1,40,1,153263,41
0,686,42,17,153951,41
0,102,41,8,154064,41
0,1120,41,18,155185,41
0,47135,45,24,202322,41
0,50792,47,26,253115,41
1,6515,47,22,259633,41
1,15337,47,26,274971,41
0,9315,47,25,284287,41
0,354,45,17,284649,41
1,2838,47,24,287490,41
0,32,48,3,287523,41
1,1,48,1,287525,41
1,4,47,1,287531,41
0,6,48,2,287538,41
0,8,47,3,287548,41
0,30,49,3,287579,41
1,100063,51,30,387644,41
0,4806,20,10,4807,42
0,1,20,1,4809,42
1,7311,22,12,12122,42
1,812,22,9,12936,42
0,1,22,1,12938,42
0,1,22,1,12940,42
1,4161,25,12,17103,42
1,16065,28,18,33169,42
1,9336,29,15,42508,42
0,2,28,1,42512,42
0,535,28,11,43048,42
0,1025,28,12,44077,42
1,5292,30,16,49370,42
0,1,28,1,49374,42
0,7,27,2,49383,42
1,16,27,4,49400,42
1,2,26,1,49404,42
1,9,26,3,49414,42
0,8091,30,16,57509,42
0,2,26,1,57517,42
1,93,28,5,57612,42
0,1,27,1,57615,42
1,901,29,12,58518,42
0,43,29,6,58562,42
1,12,29,2,58575,42
0,4214,31,15,62790,42
1,1,29,1,62794,42
0,1,29,1,62796,42
1,188,27,10,62988,42
1,172,25,8,63163,42
0,4,22,2,63174,42
0,5,22,2,63180,42
0,8,22,4,63190,42
1,23,25,3,63215,42
0,9,28,3,63225,42
0,34,30,6,63260,42
0,5,28,1,63268,42
0,1,28,1,63270,42
0,393,26,7,63671,42
0,1,26,1,63674,42
1,1,25,1,63677,42
0,59,25,6,63738,42
1,8,26,2,63748,42
0,49,28,7,63798,42
1,330,30,12,64129,42
0,1,30,1,64131,42
1,3930,32,15,68062,42
1,3219,32,18,71282,42
0,4,33,1,71288,42
1,15852,36,19,87141,42
1,8,36,2,87150,42
0,44250,40,21,131402,42
1,2,40,1,131405,42
0,17490,41,21,148896,42
0,6020,42,21,154917,42
1,15228,43,20,170148,42
1,22,42,4,170173,42
0,5,41,2,170180,42
1,72,43,9,170253,42
0,6,42,1,170261,42
1,17054,46,24,187316,42
1,120933,48,29,308250,42
0,16,49,4,308268,42
1,75886,49,28,384155,42
0,3,49,1,384161,42
1,2,49,1,384164,42
1,3,46,1,384171,42
0,3955,48,22,388127,42
0,4139,48,22,392267,42
0,1,48,1,392269,42
0,3,48,1,392273,42
0,4143,20,10,4144,43
0,5902,21,11,10047,43
0,9,22,2,10057,43
1,1252,22,11,11312,43
0,1786,22,11,13101,43
0,3,22,1,13106,43
1,2140,25,14,15250,43
0,35,25,3,15288,43
0,124,25,6,15413,43
0,3626,25,13,19040,43
0,2478,26,11,21519,43
0,2,25,1,21523,43
1,2536,27,13,24060,43
0,11,25,2,24074,43
0,1,25,1,24076,43
0,387,25,10,24466,43
0,101,24,6,24571,43
1,1,22,1,24575,43
1,1,23,1,24580,43
1,1,23,1,24582,43
0,1,20,1,24588,43
0,1,20,1,24590,43
1,15,23,4,24607,43
0,1,23,1,24609,43
1,13,26,2,24624,43
1,1,26,1,24626,43
0,139,26,6,24766,43
0,1,26,1,24768,43
0,44,26,4,24813,43
1,88,26,6,24905,43
0,145,26,7,25051,43
0,3,26,1,25055,43
1,1,23,1,25060,43
0,16,25,2,25078,43
0,7,25,2,25087,43
0,1,25,1,25089,43
1,45,26,7,25135,43
0,54,26,4,25190,43
1,694,28,12,25886,43
0,2,26,1,25891,43
0,429,26,7,26321,43
0,218,25,8,26543,43
0,1,24,1,26546,43
0,1,24,1,26548,43
1,156,26,8,26705,43
1,1,26,1,26708,43
0,250,26,11,26959,43
0,2807,28,11,29767,43
1,149,28,9,29917,43
0,1,28,1,29919,43
1,1379,29,12,31300,43
1,440,29,11,31741,43
1,2928,29,13,34671,43
0,119,29,12,34791,43
1,481,31,13,35273,43
1,10,30,2,35285,43
0,5478,30,14,40767,43
1,3,30,1,40771,43
1,12,30,2,40784,43
1,1,30,1,40788,43
0,5739,32,15,46528,43
1,1,31,1,46531,43
1,1,31,1,46533,43
1,1,31,1,46535,43
1,3,31,1,46541,43
1,1,31,1,46543,43
1,2,31,1,46548,43
0,6,31,1,46555,43
1,1,31,1,46561,43
0,145,33,9,46709,43
0,3669,33,16,50379,43
0,71,33,5,50451,43
0,25,32,5,50481,43
0,1070,32,11,51552,43
0,1454,32,13,53007,43
1,8379,34,17,61387,43
0,20251,36,20,81639,43
1,1670,36,13,83310,43
1,259,37,11,83572,43
1,17952,40,19,101530,43
0,5628,40,17,107159,43
0,2419,39,16,109580,43
1,1,38,1,109583,43
0,580,39,14,110165,43
1,3,39,1,110169,43
1,700,39,15,110871,43
1,2,38,1,110875,43
1,1104,37,15,111981,43
1,797,39,14,112779,43
1,1385,38,15,114167,43
1,1,37,1,114170,43
1,1,36,1,114173,43
0,36,38,6,114210,43
1,1,38,1,114212,43
1,1216,38,17,115429,43
1,9,36,3,115441,43
0,38,38,7,115480,43
1,2,38,1,115483,43
0,1,39,1,115486,43
1,1446,39,17,116933,43
0,1,39,1,116935,43
1,5,39,2,116941,43
0,59,36,6,117004,43
0,20,36,4,117025,43
1,5,37,2,117031,43
1,432,37,13,117465,43
1,10568,40,18,128034,43
1,1,40,1,128036,43
1,68,39,6,128106,43
0,2,38,1,128110,43
1,294,40,10,128405,43
0,5,39,2,128412,43
0,2,37,1,128418,43
1,8092,41,19,136513,43
1,21367,44,26,157884,43
0,116,44,8,158001,43
0,1,43,1,158005,43
0,2,43,1,158008,43
0,1,43,1,158010,43
1,6330,46,24,164341,43
0,88,45,9,164431,43
1,33178,47,26,197611,43
0,1,46,1,197614,43
0,18,46,3,197636,43
0,2778,46,22,200415,43
0,1,46,1,200417,43
0,2055,46,18,202473,43
1,6,46,1,202481,43
0,6,46,2,202488,43
0,1,45,1,202491,43
0,1003,45,15,203495,43
1,2,46,1,203499,43
1,8,44,2,203510,43
0,1,45,1,203512,43
1,2523,47,19,206040,43
0,22,47,5,206063,43
1,1,45,1,206067,43
0,8,44,2,206077,43
1,2,46,2,206084,43
1,1,45,1,206087,43
0,88,47,9,206177,43
1,2,46,1,206181,43
1,2984,46,13,209166,43
1,24,46,3,209193,43
1,1,46,1,209196,43
1,7,47,2,209205,43
0,1,47,1,209207,43
0,1,46,1,209210,43
0,9,45,2,209221,43
1,480,47,13,209702,43
1,22,47,4,209728,43
0,308,47,12,210037,43
0,75586,51,28,285624,43
1,1,50,1,285630,43
0,10,51,3,285645,43
1,4,50,1,285651,43
0,8,51,2,285661,43
0,11792,51,27,297456,43
1,1,50,1,297459,43
1,1,50,1,297461,43
1,4,50,1,297466,43
1,22220,50,28,319691,43
1,36,52,8,319728,43
0,1,51,1,319731,43
1,5,51,2,319738,43
1,13,50,4,319753,43
1,399,50,20,320153,43
1,9110,20,10,9111,44
0,1,20,1,9115,44
0,133,20,6,9249,44
0,684,20,8,9937,44
0,2223,21,9,12163,44
0,2,21,1,12166,44
0,1079,22,11,13249,44
0,115,21,9,13367,44
1,1,21,1,13369,44
0,2,21,1,13372,44
0,1,20,1,13375,44
1,215,23,9,13592,44
1,5,23,1,13598,44
0,1,23,1,13600,44
0,12,24,2,13614,44
1,1,23,1,13617,44
0,254,23,7,13872,44
0,1,23,1,13876,44
1,4670,24,14,18547,44
1,3506,24,12,22055,44
1,4,24,2,22060,44
1,1,22,1,22064,44
1,1,22,1,22066,44
0,1862,24,11,23929,44
0,1,23,1,23932,44
1,152,24,8,24085,44
1,210,24,8,24297,44
0,2,24,1,24300,44
1,7773,27,13,32074,44
0,903,27,9,32978,44
0,3851,30,14,36831,44
0,10742,31,16,47574,44
1,1,30,1,47577,44
0,2,27,1,47583,44
1,367,31,12,47954,44
0,1,32,1,47956,44
1,15974,34,18,63932,44
0,1,34,1,63934,44
0,342,34,15,64277,44
0,44,33,4,64323,44
1,13188,35,20,77513,44
0,1,35,1,77515,44
1,1,35,1,77517,44
0,14744,38,19,92264,44
1,7995,38,20,100260,44
1,2823,39,20,103085,44
1,15570,40,26,118657,44
1,91,38,11,118753,44
1,288,39,12,119045,44
1,8006,41,21,127052,44
0,2,42,1,127058,44
0,1,42,1,127060,44
1,30116,43,22,157177,44
0,6442,43,19,163620,44
1,43,42,9,163665,44
1,201,43,11,163867,44
1,55802,45,26,219670,44
0,2320,44,20,221993,44
0,647,44,16,222641,44
1,25757,47,29,248399,44
1,4675,48,27,253075,44
1,1,48,1,253077,44
0,114567,50,32,367645,44
0,12500,48,25,380148,44
0,16,48,3,380169,44
1,9632,49,28,389802,44
1,8404,49,26,398209,44
0,1,50,1,398215,44
0,1147,50,23,399363,44
1,1,50,1,399366,44
1,2,14,1,14,45
0,1,14,1,17,45
0,330,14,4,348,45
1,1,14,1,352,45
1,6,13,3,360,45
0,111,15,5,472,45
0,2664,17,7,3138,45
1,1,15,1,3142,45
1,2,15,1,3145,45
1,155,16,6,3301,45
0,3164,18,8,6471,45
1,92,17,5,6565,45
0,198,17,6,6764,45
1,10,18,3,6775,45
0,1,18,1,6777,45
0,1,18,1,6779,45
0,1,18,1,6781,45
1,1131,20,10,7913,45
0,750,20,8,8664,45
1,3,19,1,8669,45
1,94,18,4,8765,45
0,23,17,3,8790,45
0,1,16,1,8793,45
0,5,16,1,8799,45
1,13,18,2,8814,45
1,278,19,8,9097,45
1,405,21,9,9503,45
0,303,20,7,9808,45
0,6,20,2,9815,45
1,110,20,5,9927,45
1,2666,22,10,12594,45
0,1083,23,10,13681,45
1,3010,22,12,16693,45
1,1250,22,11,17946,45
0,68,21,4,18019,45
1,1,21,1,18021,45
1,3,21,1,18025,45
0,64,21,4,18090,45
0,2,21,1,18093,45
1,5,21,2,18099,45
1,5,21,1,18106,45
1,4,23,1,18113,45
0,2,23,1,18116,45
0,1,23,1,18118,45
1,1,23,1,18120,45
1,4,23,1,18125,45
1,1,23,1,18127,45
0,12,21,2,18142,45
0,1,20,1,18145,45
0,1,20,1,18147,45
0,2,20,1,18150,45
0,14,20,3,18165,45
0,1,21,1,18168,45
1,1,21,1,18171,45
1,2,23,1,18178,45
0,1,23,1,18180,45
0,33,21,5,18216,45
0,20,21,5,18238,45
0,1,21,1,18245,45
0,1,21,1,18247,45
0,1,20,1,18250,45
0,13,21,3,18265,45
0,1,21,1,18267,45
0,101,21,4,18369,45
1,3,23,1,18373,45
1,2,23,1,18376,45
0,3706,25,13,22083,45
0,3,25,1,22087,45
1,2,24,1,22091,45
1,1,24,1,22093,45
1,1,24,1,22097,45
1,1,24,1,22099,45
1,37,24,5,22137,45
1,4,24,1,22142,45
0,2648,26,15,24791,45
1,1,25,1,24796,45
0,102,25,5,24899,45
1,6,25,1,24908,45
1,2,24,1,24912,45
1,7,24,2,24920,45
1,15,26,3,24937,45
1,1,26,1,24941,45
1,4,25,1,24947,45
0,6066,28,15,31014,45
1,2,28,1,31017,45
0,309,28,10,31327,45
1,731,28,13,32061,45
0,1,26,1,32065,45
0,2,26,1,32068,45
1,4,28,2,32073,45
0,1,28,1,32075,45
0,5938,29,14,38015,45
0,433,29,12,38450,45
0,5,27,2,38459,45
0,5,27,1,38465,45
1,38,29,4,38504,45
1,2045,31,12,40550,45
1,27766,35,20,68317,45
1,31,35,5,68349,45
1,1513,36,11,69865,45
1,530,35,10,70397,45
0,7,37,2,70406,45
1,1,34,1,70415,45
0,22,34,3,70441,45
1,16198,40,19,86646,45
1,11,39,2,86659,45
0,13,38,3,86674,45
0,5,38,1,86680,45
0,930,39,15,87612,45
1,23753,41,21,111366,45
1,133,40,10,111501,45
0,71,40,5,111574,45
1,20722,42,22,132297,45
1,729,41,15,133028,45
1,19,41,4,133048,45
0,4,39,1,133055,45
0,1,35,1,133064,45
1,69,39,5,133136,45
1,165,42,11,133303,45
1,1,42,1,133305,45
0,1,44,1,133308,45
0,6828,44,21,140137,45
0,1905,42,18,142045,45
1,2,41,1,142051,45
0,9514,44,21,151568,45
0,27690,46,25,179259,45
0,4244,45,19,183506,45
1,13656,45,21,197163,45
0,1149,45,20,198313,45
0,1,45,1,198315,45
1,17804,47,26,216121,45
0,33787,47,26,249909,45
1,39704,48,26,289615,45
1,1404,48,21,291022,45
1,73,48,8,291096,45
0,6397,20,10,6398,46
1,2792,21,11,9192,46
0,1,17,1,9202,46
1,14,20,3,9217,46
1,10041,23,13,19261,46
0,2121,23,11,21384,46
1,1060,23,9,22445,46
1,1,23,1,22447,46
0,7391,25,13,29842,46
1,12890,28,16,42736,46
0,1559,27,13,44297,46
0,1,27,1,44299,46
0,1,27,1,44302,46
1,12048,31,18,56352,46
1,9,32,3,56365,46
1,16302,34,22,72668,46
0,360,32,10,73031,46
0,1241,32,13,74273,46
1,6640,34,17,80914,46
0,3725,35,18,84641,46
0,1,35,1,84643,46
0,5620,35,22,90265,46
1,1,35,1,90268,46
0,5261,36,18,95530,46
0,5148,36,20,100679,46
0,1,35,1,100682,46
1,2292,37,17,102975,46
1,25728,39,21,128706,46
0,1,39,1,128708,46
1,12694,40,21,141403,46
1,2,40,1,141406,46
0,11,40,4,141420,46
0,1,40,1,141422,46
0,5656,40,20,147079,46
0,32,40,3,147112,46
0,524,40,15,147637,46
1,18731,43,25,166369,46
1,1966,43,23,168336,46
0,12512,44,25,180849,46
1,19478,44,26,200328,46
0,1602,44,19,201932,46
0,4,43,1,201938,46
1,23,44,4,201962,46
1,4,47,3,201967,46
1,4610,46,25,206583,46
1,26082,46,26,232669,46
1,26629,47,29,259299,46
0,17441,47,29,276741,46
0,68917,47,30,345660,46
0,6451,47,29,352114,46
0,25337,47,30,377452,46
0,5,47,2,377459,46
0,8,47,2,377470,46
0,1,47,1,377472,46
0,88,46,11,377562,46
1,1,46,1,377564,46
1,2868,42,20,380437,46
1,10,44,3,380448,46
0,7,44,2,380456,46
0,29588,45,30,410047,46
0,18012,48,32,428060,46
1,1,48,1,428062,46
1,2,47,1,428066,46
1,1190,47,25,429257,46
1,1,46,1,429266,46
1,64,46,9,429331,46
1,115,45,8,429448,46
0,42049,49,34,471498,46
0,1,47,1,471502,46
1,3280,17,7,3284,47
0,3,17,1,3291,47
0,1,17,1,3294,47
0,1,17,1,3296,47
1,2917,20,10,6214,47
1,4273,22,12,10490,47
1,1088,24,11,11579,47
0,2,23,1,11583,47
1,803,24,10,12387,47
1,221,24,9,12609,47
0,817,23,8,13428,47
0,1,23,1,13430,47
1,415,24,8,13849,47
1,1,22,1,13857,47
1,99,22,5,13957,47
1,102,23,6,14061,47
0,1,22,1,14064,47
0,6,19,2,14074,47
0,2,21,2,14077,47
0,54,21,5,14133,47
1,1,21,1,14135,47
0,1,20,1,14138,47
1,61,23,6,14201,47
0,3,23,1,14205,47
1,8714,26,15,22920,47
1,107,25,6,23029,47
0,10800,29,15,33830,47
1,1222,28,14,35054,47
1,129,28,7,35184,47
1,1019,29,12,36205,47
1,2,28,1,36210,47
1,19,28,4,36231,47
0,6317,30,16,42550,47
1,1,30,1,42552,47
0,609,30,12,43163,47
0,386,30,11,43550,47
0,1127,30,13,44678,47
0,1,30,1,44680,47
0,1483,30,14,46164,47
1,9001,32,18,55167,47
0,1139,30,13,56309,47
0,259,30,12,56575,47
0,1,30,1,56580,47
1,1645,31,16,58227,47
0,929,32,15,59159,47
0,6489,32,16,65649,47
1,8448,33,18,74100,47
0,2644,33,17,76745,47
0,2271,35,17,79017,47
0,1,35,1,79021,47
0,4,35,1,79026,47
0,2968,35,18,81995,47
0,1,35,1,81997,47
1,16886,37,22,98884,47
1,542,37,17,99427,47
0,12624,39,19,112052,47
1,3889,38,20,115943,47
0,8470,39,20,124415,47
0,10,38,2,124427,47
1,1,37,1,124430,47
0,45,36,6,124477,47
0,413,38,16,124892,47
1,1,38,1,124894,47
0,7484,40,20,132379,47
0,39029,42,25,171409,47
1,1,43,1,171412,47
0,11521,44,25,182934,47
0,3634,44,23,186569,47
0,11322,45,25,197894,47
0,202,44,14,198098,47
0,8267,45,22,206367,47
0,4,41,2,206376,47
0,4,44,2,206382,47
1,214,43,10,206602,47
1,1,43,1,206604,47
0,84,41,8,206691,47
0,23,43,3,206717,47
0,27648,46,25,234366,47
1,20338,46,24,254705,47
0,18,46,3,254724,47
1,1,44,1,254732,47
1,6,43,1,254740,47
1,3,44,1,254745,47
1,5,44,1,254751,47
0,30,44,4,254783,47
1,4,43,2,254789,47
1,1,42,1,254792,47
1,6,42,2,254799,47
0,16803,46,24,271603,47
0,74,44,7,271680,47
1,21,43,3,271703,47
1,2,43,1,271706,47
0,19447,47,24,291156,47
1,12,46,3,291172,47
1,1,45,1,291176,47
1,1,45,1,291178,47
0,45759,48,28,336940,47
0,44059,48,29,381000,47
0,22702,49,30,403705,47
0,7263,19,9,7265,48
0,7439,21,11,14705,48
0,27,20,5,14736,48
1,5197,23,13,19934,48
0,1,23,1,19936,48
1,2086,23,11,22027,48
0,122,23,7,22150,48
0,42,23,4,22193,48
1,3327,25,14,25521,48
0,1274,25,12,26796,48
0,99,25,9,26896,48
0,838,25,10,27735,48
1,1054,25,10,28790,48
1,6727,29,15,35519,48
0,24,28,4,35545,48
0,43,29,3,35590,48
1,1281,29,12,36877,48
1,601,29,12,37480,48
1,3,26,1,37487,48
0,115,28,9,37603,48
1,1,27,1,37606,48
1,1,27,1,37608,48
1,3,27,1,37612,48
0,194,28,8,37808,48
0,2928,30,13,40737,48
1,361,30,9,41099,48
1,2332,30,11,43433,48
1,2211,30,13,45645,48
1,8,30,2,45654,48
0,3,29,1,45659,48
0,1,29,1,45664,48
1,69,30,7,45734,48
1,30,30,5,45767,48
0,599,32,9,46367,48
0,9067,34,18,55435,48
1,108,33,7,55545,48
0,2531,36,18,58078,48
0,2733,36,16,60816,48
1,332,36,11,61149,48
0,29814,40,22,90967,48
1,615,40,12,91585,48
1,1,40,1,91587,48
0,8,40,2,91596,48
1,11658,41,20,103256,48
1,23961,41,21,127218,48
1,3,41,1,127224,48
0,55995,43,22,183220,48
0,2389,42,19,185611,48
1,2228,45,17,187842,48
0,18201,45,22,206046,48
1,84352,48,27,290399,48
1,136,48,11,290536,48
1,1467,48,20,292004,48
1,13751,51,28,305758,48
1,1,49,1,305762,48
1,2470,48,24,308236,48
1,589,48,28,308826,48
0,7,47,1,308835,48
1,99343,51,32,408179,48
1,1,51,1,408181,48
0,8644,50,26,416827,48
1,40453,51,29,457281,48
0,1,48,1,457286,48
1,4768,20,10,4769,49
0,2,20,1,4772,49
1,16579,25,15,21354,49
1,1,24,1,21357,49
1,1,24,1,21359,49
0,7563,26,13,28923,49
0,2,25,1,28927,49
1,5362,28,13,34290,49
1,88,26,6,34381,49
0,5108,29,15,39490,49
0,2,27,1,39495,49
0,1,27,1,39501,49
1,5503,29,14,45005,49
0,389,29,11,45395,49
1,2,26,1,45403,49
0,4836,31,16,50244,49
0,9993,32,17,60239,49
1,466,31,10,60709,49
0,2,32,1,60714,49
1,2,30,1,60720,49
0,1,29,1,60723,49
0,1,28,1,60726,49
1,73,30,9,60800,49
0,5,28,1,60808,49
1,11,30,4,60821,49
1,68,31,5,60890,49
0,3,29,1,60896,49
1,214,31,7,61114,49
0,1,29,1,61123,49
0,36,29,7,61167,49
0,7,30,2,61176,49
0,1,30,1,61178,49
1,1241,33,15,62420,49
1,6,33,1,62428,49
0,1,30,1,62434,49
1,17,30,5,62452,49
1,8,29,2,62462,49
1,150,31,10,62613,49
1,49,30,7,62664,49
1,17,29,4,62684,49
1,172,32,8,62858,49
0,29517,36,20,92376,49
0,3,33,1,92383,49
1,1062,34,17,93446,49
1,5348,37,22,98797,49
0,2760,37,20,101559,49
1,3,36,1,101564,49
1,1061,37,20,102626,49
0,10231,37,20,112858,49
1,29422,39,24,142283,49
0,12858,39,22,155142,49
0,1,39,1,155144,49
0,42,39,5,155192,49
0,31699,41,25,186892,49
1,19234,42,26,206128,49
1,6,41,2,206136,49
1,1,40,1,206139,49
1,1,38,1,206143,49
0,3060,41,23,209204,49
0,13812,43,24,223018,49
0,4587,43,25,227607,49
0,3,42,1,227612,49
0,1,42,1,227614,49
1,55672,45,29,283287,49
1,4,45,1,283292,49
0,49359,47,29,332652,49
0,8332,19,9,8334,50
0,3,19,1,8338,50
1,9,21,3,8348,50
0,5736,21,11,14085,50
1,186,21,7,14272,50
1,4814,23,13,19087,50
1,4,23,1,19092,50
0,338,23,10,19432,50
1,6555,26,14,25989,50
1,10,26,1,26000,50
1,1,27,1,26003,50
0,1,27,1,26005,50
1,1,27,1,26007,50
1,6001,27,14,32013,50
0,1,27,1,32015,50
1,2407,28,14,34423,50
1,14199,30,15,48623,50
0,288,30,10,48912,50
0,18133,32,18,67046,50
0,2,32,1,67049,50
1,1,28,1,67056,50
1,2,28,1,67061,50
0,3240,31,13,70302,50
0,2,28,1,70310,50
1,1,29,1,70313,50
1,133,27,8,70449,50
1,3,24,2,70457,50
0,755,25,11,71213,50
1,25,25,4,71239,50
0,126,25,11,71366,50
1,186,28,11,71553,50
1,153,28,9,71707,50
0,1,28,1,71709,50
1,291,29,8,72003,50
1,342,29,8,72346,50
0,859,31,13,73206,50
0,1,31,1,73208,50
1,1766,31,15,74975,50
1,2648,33,15,77624,50
0,29058,36,22,106683,50
1,2243,35,16,108932,50
0,7668,37,23,116602,50
1,1,36,1,116605,50
0,312,36,17,116919,50
0,619,37,20,117540,50
0,6348,38,20,123889,50
1,1,38,1,123891,50
1,10219,38,22,134111,50
0,2517,38,21,136632,50
0,208,39,7,136841,50
1,34,38,7,136877,50
1,3,38,1,136882,50
0,27,39,4,136910,50
0,1881,38,18,138795,50
1,4351,38,19,143148,50
0,1,37,1,143152,50
1,13,36,3,143169,50
1,27,36,5,143197,50
0,171,37,13,143369,50
1,2,37,1,143372,50
0,1,37,1,143374,50
1,1,36,1,143377,50
1,1,37,1,143380,50
0,6,38,2,143387,50
0,1,38,1,143389,50
0,466,36,13,143858,50
1,84,37,7,143944,50
0,2,37,1,143947,50
1,1768,39,17,145716,50
0,4,39,1,145722,50
1,18096,41,24,163819,50
0,1655,41,21,165475,50
0,1,41,1,165477,50
0,563,41,13,166042,50
0,649,41,15,166692,50
0,4,41,1,166697,50
1,48,42,9,166746,50
0,110033,45,31,276780,50
0,357,44,8,277140,50
0,32362,46,31,309503,50
1,29132,46,32,338636,50
1,1,43,1,338642,50
1,64,43,7,338709,50
1,1,42,1,338712,50
1,1,42,1,338715,50
0,20,44,3,338737,50
0,1,44,1,338739,50
1,22267,48,30,361009,50
0,77232,49,33,438242,50
